Name,
Address,
Account Number,
Service,

TYPE,DATE,USAGE,UNITS,COST,NOTES
Natural gas usage,2014-07-04,0.00,therms,$0.00,
Natural gas usage,2014-07-05,0.00,therms,$0.00,
Natural gas usage,2014-07-06,0.00,therms,$0.00,
Natural gas usage,2014-07-07,0.00,therms,$0.00,
Natural gas usage,2014-07-08,0.00,therms,$0.00,
Natural gas usage,2014-07-09,1.02,therms,$1.34,
Natural gas usage,2014-07-10,0.00,therms,$0.00,
Natural gas usage,2014-07-11,0.00,therms,$0.00,
Natural gas usage,2014-07-12,0.00,therms,$0.00,
Natural gas usage,2014-07-13,0.00,therms,$0.00,
Natural gas usage,2014-07-14,1.02,therms,$1.33,
Natural gas usage,2014-07-15,0.00,therms,$0.00,
Natural gas usage,2014-07-16,0.00,therms,$0.00,
Natural gas usage,2014-07-17,0.00,therms,$0.00,
Natural gas usage,2014-07-18,0.00,therms,$0.00,
Natural gas usage,2014-07-19,1.02,therms,$1.33,
Natural gas usage,2014-07-20,0.00,therms,$0.00,
Natural gas usage,2014-07-21,0.00,therms,$0.00,
Natural gas usage,2014-07-22,1.02,therms,$1.34,
Natural gas usage,2014-07-23,0.00,therms,$0.00,
Natural gas usage,2014-07-24,0.00,therms,$0.00,
Natural gas usage,2014-07-25,0.00,therms,$0.00,
Natural gas usage,2014-07-26,1.02,therms,$1.34,
Natural gas usage,2014-07-27,0.00,therms,$0.00,
Natural gas usage,2014-07-28,0.00,therms,$0.00,
Natural gas usage,2014-07-29,0.00,therms,$0.00,
Natural gas usage,2014-07-30,0.00,therms,$0.00,
Natural gas usage,2014-07-31,1.03,therms,$1.34,
Natural gas usage,2014-08-01,0.00,therms,$0.00,
Natural gas usage,2014-08-02,0.00,therms,$0.00,
Natural gas usage,2014-08-03,1.02,therms,$1.34,
Natural gas usage,2014-08-04,0.00,therms,$0.00,
Natural gas usage,2014-08-05,0.00,therms,$0.00,
Natural gas usage,2014-08-06,1.02,therms,$1.34,
Natural gas usage,2014-08-07,0.00,therms,$0.00,
Natural gas usage,2014-08-08,1.02,therms,$1.34,
Natural gas usage,2014-08-09,0.00,therms,$0.00,
Natural gas usage,2014-08-10,0.00,therms,$0.00,
Natural gas usage,2014-08-11,1.03,therms,$1.35,
Natural gas usage,2014-08-12,0.00,therms,$0.00,
Natural gas usage,2014-08-13,0.00,therms,$0.00,
Natural gas usage,2014-08-14,1.03,therms,$1.35,
Natural gas usage,2014-08-15,0.00,therms,$0.00,
Natural gas usage,2014-08-16,0.00,therms,$0.00,
Natural gas usage,2014-08-17,1.03,therms,$1.35,
Natural gas usage,2014-08-18,0.00,therms,$0.00,
Natural gas usage,2014-08-19,0.00,therms,$0.00,
Natural gas usage,2014-08-20,1.03,therms,$1.35,
Natural gas usage,2014-08-21,0.00,therms,$0.00,
Natural gas usage,2014-08-22,0.00,therms,$0.00,
Natural gas usage,2014-08-23,1.03,therms,$1.35,
Natural gas usage,2014-08-24,0.00,therms,$0.00,
Natural gas usage,2014-08-25,0.00,therms,$0.00,
Natural gas usage,2014-08-26,1.03,therms,$1.35,
Natural gas usage,2014-08-27,0.00,therms,$0.00,
Natural gas usage,2014-08-28,0.00,therms,$0.00,
Natural gas usage,2014-08-29,1.03,therms,$1.35,
Natural gas usage,2014-08-30,0.00,therms,$0.00,
Natural gas usage,2014-08-31,0.00,therms,$0.00,
Natural gas usage,2014-09-01,1.03,therms,$1.35,
Natural gas usage,2014-09-02,0.00,therms,$0.00,
Natural gas usage,2014-09-03,0.00,therms,$0.00,
Natural gas usage,2014-09-04,1.03,therms,$1.35,
Natural gas usage,2014-09-05,0.00,therms,$0.00,
Natural gas usage,2014-09-06,1.03,therms,$1.35,
Natural gas usage,2014-09-07,0.00,therms,$0.00,
Natural gas usage,2014-09-08,0.00,therms,$0.00,
Natural gas usage,2014-09-09,1.03,therms,$1.35,
Natural gas usage,2014-09-10,0.00,therms,$0.00,
Natural gas usage,2014-09-11,0.00,therms,$0.00,
Natural gas usage,2014-09-12,1.03,therms,$1.35,
Natural gas usage,2014-09-13,0.00,therms,$0.00,
Natural gas usage,2014-09-14,0.00,therms,$0.00,
Natural gas usage,2014-09-15,1.03,therms,$1.34,
Natural gas usage,2014-09-16,0.00,therms,$0.00,
Natural gas usage,2014-09-17,0.00,therms,$0.00,
Natural gas usage,2014-09-18,1.03,therms,$1.34,
Natural gas usage,2014-09-19,0.00,therms,$0.00,
Natural gas usage,2014-09-20,1.03,therms,$1.34,
Natural gas usage,2014-09-21,0.00,therms,$0.00,
Natural gas usage,2014-09-22,1.03,therms,$1.34,
Natural gas usage,2014-09-23,0.00,therms,$0.00,
Natural gas usage,2014-09-24,0.00,therms,$0.00,
Natural gas usage,2014-09-25,1.03,therms,$1.34,
Natural gas usage,2014-09-26,0.00,therms,$0.00,
Natural gas usage,2014-09-27,0.00,therms,$0.00,
Natural gas usage,2014-09-28,1.03,therms,$1.35,
Natural gas usage,2014-09-29,0.00,therms,$0.00,
Natural gas usage,2014-09-30,1.03,therms,$1.35,
Natural gas usage,2014-10-01,0.00,therms,$0.00,
Natural gas usage,2014-10-02,0.00,therms,$0.00,
Natural gas usage,2014-10-03,1.03,therms,$1.35,
Natural gas usage,2014-10-04,0.00,therms,$0.00,
Natural gas usage,2014-10-05,1.03,therms,$1.35,
Natural gas usage,2014-10-06,0.00,therms,$0.00,
Natural gas usage,2014-10-07,1.03,therms,$1.35,
Natural gas usage,2014-10-08,0.00,therms,$0.00,
Natural gas usage,2014-10-09,0.00,therms,$0.00,
Natural gas usage,2014-10-10,0.00,therms,$0.00,
Natural gas usage,2014-10-11,1.03,therms,$1.35,
Natural gas usage,2014-10-12,0.00,therms,$0.00,
Natural gas usage,2014-10-13,1.03,therms,$1.35,
Natural gas usage,2014-10-14,0.00,therms,$0.00,
Natural gas usage,2014-10-15,0.00,therms,$0.00,
Natural gas usage,2014-10-16,1.03,therms,$1.35,
Natural gas usage,2014-10-17,0.00,therms,$0.00,
Natural gas usage,2014-10-18,1.03,therms,$1.35,
Natural gas usage,2014-10-19,0.00,therms,$0.00,
Natural gas usage,2014-10-20,1.03,therms,$1.35,
Natural gas usage,2014-10-21,0.00,therms,$0.00,
Natural gas usage,2014-10-22,0.00,therms,$0.00,
Natural gas usage,2014-10-23,0.00,therms,$0.00,
Natural gas usage,2014-10-24,1.03,therms,$1.35,
Natural gas usage,2014-10-25,1.03,therms,$1.35,
Natural gas usage,2014-10-26,2.06,therms,$2.70,
Natural gas usage,2014-10-27,0.00,therms,$0.00,
Natural gas usage,2014-10-28,1.03,therms,$1.34,
Natural gas usage,2014-10-29,1.03,therms,$1.34,
Natural gas usage,2014-10-30,0.00,therms,$0.00,
Natural gas usage,2014-10-31,0.00,therms,$0.00,
Natural gas usage,2014-11-01,2.05,therms,$2.68,
Natural gas usage,2014-11-02,2.05,therms,$2.68,
Natural gas usage,2014-11-03,1.03,therms,$1.35,
Natural gas usage,2014-11-04,1.03,therms,$1.35,
Natural gas usage,2014-11-05,1.03,therms,$1.35,
Natural gas usage,2014-11-06,1.03,therms,$1.35,
Natural gas usage,2014-11-07,1.03,therms,$1.35,
Natural gas usage,2014-11-08,0.00,therms,$0.00,
Natural gas usage,2014-11-09,1.03,therms,$1.35,
Natural gas usage,2014-11-10,0.00,therms,$0.00,
Natural gas usage,2014-11-11,1.03,therms,$1.34,
Natural gas usage,2014-11-12,1.03,therms,$1.34,
Natural gas usage,2014-11-13,2.06,therms,$2.69,
Natural gas usage,2014-11-14,1.03,therms,$1.34,
Natural gas usage,2014-11-15,2.06,therms,$2.69,
Natural gas usage,2014-11-16,3.08,therms,$4.03,
Natural gas usage,2014-11-17,2.06,therms,$2.70,
Natural gas usage,2014-11-18,3.09,therms,$4.05,
Natural gas usage,2014-11-19,0.00,therms,$0.00,
Natural gas usage,2014-11-20,1.03,therms,$1.35,
Natural gas usage,2014-11-21,2.06,therms,$2.70,
Natural gas usage,2014-11-22,2.06,therms,$2.70,
Natural gas usage,2014-11-23,3.09,therms,$4.05,
Natural gas usage,2014-11-24,3.10,therms,$4.05,
Natural gas usage,2014-11-25,0.00,therms,$0.00,
Natural gas usage,2014-11-26,3.10,therms,$4.05,
Natural gas usage,2014-11-27,3.10,therms,$4.05,
Natural gas usage,2014-11-28,3.10,therms,$4.05,
Natural gas usage,2014-11-29,2.06,therms,$2.70,
Natural gas usage,2014-11-30,2.06,therms,$2.70,
Natural gas usage,2014-12-01,3.08,therms,$4.03,
Natural gas usage,2014-12-02,1.03,therms,$1.34,
Natural gas usage,2014-12-03,2.05,therms,$2.69,
Natural gas usage,2014-12-04,2.05,therms,$2.69,
Natural gas usage,2014-12-05,2.05,therms,$2.69,
Natural gas usage,2014-12-06,1.03,therms,$1.34,
Natural gas usage,2014-12-07,2.05,therms,$2.69,
Natural gas usage,2014-12-08,2.05,therms,$2.68,
Natural gas usage,2014-12-09,2.05,therms,$2.68,
Natural gas usage,2014-12-10,2.05,therms,$2.68,
Natural gas usage,2014-12-11,2.05,therms,$2.68,
Natural gas usage,2014-12-12,2.05,therms,$2.68,
Natural gas usage,2014-12-13,3.07,therms,$4.02,
Natural gas usage,2014-12-14,3.07,therms,$4.02,
Natural gas usage,2014-12-15,4.11,therms,$5.37,
Natural gas usage,2014-12-16,2.05,therms,$2.69,
Natural gas usage,2014-12-17,3.08,therms,$4.03,
Natural gas usage,2014-12-18,2.05,therms,$2.69,
Natural gas usage,2014-12-19,2.05,therms,$2.69,
Natural gas usage,2014-12-20,2.05,therms,$2.69,
Natural gas usage,2014-12-21,1.03,therms,$1.34,
Natural gas usage,2014-12-22,1.02,therms,$1.34,
Natural gas usage,2014-12-23,2.05,therms,$2.68,
Natural gas usage,2014-12-24,2.05,therms,$2.68,
Natural gas usage,2014-12-25,4.10,therms,$5.36,
Natural gas usage,2014-12-26,4.10,therms,$5.36,
Natural gas usage,2014-12-27,6.14,therms,$8.04,
Natural gas usage,2014-12-28,4.10,therms,$5.36,
Natural gas usage,2014-12-29,5.14,therms,$8.30,
Natural gas usage,2014-12-30,3.08,therms,$5.54,
Natural gas usage,2014-12-31,6.17,therms,$11.09,
Natural gas usage,2015-01-01,5.14,therms,$9.24,
Natural gas usage,2015-01-02,4.11,therms,$7.39,
Natural gas usage,2015-01-03,6.17,therms,$11.09,
Natural gas usage,2015-01-04,3.08,therms,$5.54,
Natural gas usage,2015-01-05,4.09,therms,$7.35,
Natural gas usage,2015-01-06,3.07,therms,$4.01,
Natural gas usage,2015-01-07,1.02,therms,$1.34,
Natural gas usage,2015-01-08,2.04,therms,$2.67,
Natural gas usage,2015-01-09,2.04,therms,$2.67,
Natural gas usage,2015-01-10,2.04,therms,$2.67,
Natural gas usage,2015-01-11,2.04,therms,$2.67,
Natural gas usage,2015-01-12,3.07,therms,$4.02,
Natural gas usage,2015-01-13,3.07,therms,$4.02,
Natural gas usage,2015-01-14,3.07,therms,$4.02,
Natural gas usage,2015-01-15,4.10,therms,$5.36,
Natural gas usage,2015-01-16,2.05,therms,$2.68,
Natural gas usage,2015-01-17,3.07,therms,$4.02,
Natural gas usage,2015-01-18,1.02,therms,$1.34,
Natural gas usage,2015-01-19,2.05,therms,$2.68,
Natural gas usage,2015-01-20,3.07,therms,$4.02,
Natural gas usage,2015-01-21,4.09,therms,$5.35,
Natural gas usage,2015-01-22,5.11,therms,$6.69,
Natural gas usage,2015-01-23,3.07,therms,$4.02,
Natural gas usage,2015-01-24,2.05,therms,$2.68,
Natural gas usage,2015-01-25,4.09,therms,$5.35,
Natural gas usage,2015-01-26,4.09,therms,$5.35,
Natural gas usage,2015-01-27,2.04,therms,$3.64,
Natural gas usage,2015-01-28,2.04,therms,$3.67,
Natural gas usage,2015-01-29,3.07,therms,$5.51,
Natural gas usage,2015-01-30,1.02,therms,$1.84,
Natural gas usage,2015-01-31,2.04,therms,$3.67,
Natural gas usage,2015-02-01,2.04,therms,$3.67,
Natural gas usage,2015-02-02,2.05,therms,$3.69,
Natural gas usage,2015-02-03,2.05,therms,$3.69,
Natural gas usage,2015-02-04,2.05,therms,$3.69,
Natural gas usage,2015-02-05,3.07,therms,$4.02,
Natural gas usage,2015-02-06,2.05,therms,$2.68,
Natural gas usage,2015-02-07,2.05,therms,$2.68,
Natural gas usage,2015-02-08,1.02,therms,$1.34,
Natural gas usage,2015-02-09,2.04,therms,$2.67,
Natural gas usage,2015-02-10,2.04,therms,$2.67,
Natural gas usage,2015-02-11,2.04,therms,$2.67,
Natural gas usage,2015-02-12,1.02,therms,$1.33,
Natural gas usage,2015-02-13,1.02,therms,$1.33,
Natural gas usage,2015-02-14,1.02,therms,$1.33,
Natural gas usage,2015-02-15,1.02,therms,$1.33,
Natural gas usage,2015-02-16,1.02,therms,$1.33,
Natural gas usage,2015-02-17,1.02,therms,$1.34,
Natural gas usage,2015-02-18,2.05,therms,$2.68,
Natural gas usage,2015-02-19,1.02,therms,$1.34,
Natural gas usage,2015-02-20,1.02,therms,$1.34,
Natural gas usage,2015-02-21,3.07,therms,$4.02,
Natural gas usage,2015-02-22,2.05,therms,$2.68,
Natural gas usage,2015-02-23,1.02,therms,$1.34,
Natural gas usage,2015-02-24,1.02,therms,$1.34,
Natural gas usage,2015-02-25,2.04,therms,$2.67,
Natural gas usage,2015-02-26,1.02,therms,$1.34,
Natural gas usage,2015-02-27,2.04,therms,$2.67,
Natural gas usage,2015-02-28,2.04,therms,$2.67,
Natural gas usage,2015-03-01,2.04,therms,$2.67,
Natural gas usage,2015-03-02,2.04,therms,$2.67,
Natural gas usage,2015-03-03,2.04,therms,$2.67,
Natural gas usage,2015-03-04,2.04,therms,$2.67,
Natural gas usage,2015-03-05,1.02,therms,$1.34,
Natural gas usage,2015-03-06,1.02,therms,$1.34,
Natural gas usage,2015-03-07,1.02,therms,$1.34,
Natural gas usage,2015-03-08,1.02,therms,$1.34,
Natural gas usage,2015-03-09,1.02,therms,$1.34,
Natural gas usage,2015-03-10,2.04,therms,$2.67,
Natural gas usage,2015-03-11,0.00,therms,$0.00,
Natural gas usage,2015-03-12,1.02,therms,$1.34,
Natural gas usage,2015-03-13,0.00,therms,$0.00,
Natural gas usage,2015-03-14,1.02,therms,$1.34,
Natural gas usage,2015-03-15,1.02,therms,$1.34,
Natural gas usage,2015-03-16,1.02,therms,$1.34,
Natural gas usage,2015-03-17,0.00,therms,$0.00,
Natural gas usage,2015-03-18,1.02,therms,$1.34,
Natural gas usage,2015-03-19,0.00,therms,$0.00,
Natural gas usage,2015-03-20,2.04,therms,$2.67,
Natural gas usage,2015-03-21,1.02,therms,$1.34,
Natural gas usage,2015-03-22,2.04,therms,$2.67,
Natural gas usage,2015-03-23,1.02,therms,$1.34,
Natural gas usage,2015-03-24,1.02,therms,$1.34,
Natural gas usage,2015-03-25,1.02,therms,$1.34,
Natural gas usage,2015-03-26,0.00,therms,$0.00,
Natural gas usage,2015-03-27,1.02,therms,$1.34,
Natural gas usage,2015-03-28,0.00,therms,$0.00,
Natural gas usage,2015-03-29,1.02,therms,$1.34,
Natural gas usage,2015-03-30,0.00,therms,$0.00,
Natural gas usage,2015-03-31,1.02,therms,$1.34,
Natural gas usage,2015-04-01,1.02,therms,$1.34,
Natural gas usage,2015-04-02,0.00,therms,$0.00,
Natural gas usage,2015-04-03,1.02,therms,$1.34,
Natural gas usage,2015-04-04,1.02,therms,$1.34,
Natural gas usage,2015-04-05,3.07,therms,$5.29,
Natural gas usage,2015-04-06,2.05,therms,$3.68,
Natural gas usage,2015-04-07,2.05,therms,$2.68,
Natural gas usage,2015-04-08,3.07,therms,$4.02,
Natural gas usage,2015-04-09,1.02,therms,$1.34,
Natural gas usage,2015-04-10,1.02,therms,$1.34,
Natural gas usage,2015-04-11,1.02,therms,$1.34,
Natural gas usage,2015-04-12,1.02,therms,$1.34,
Natural gas usage,2015-04-13,1.02,therms,$1.34,
Natural gas usage,2015-04-14,0.00,therms,$0.00,
Natural gas usage,2015-04-15,1.02,therms,$1.34,
Natural gas usage,2015-04-16,0.00,therms,$0.00,
Natural gas usage,2015-04-17,1.02,therms,$1.34,
Natural gas usage,2015-04-18,0.00,therms,$0.00,
Natural gas usage,2015-04-19,1.02,therms,$1.34,
Natural gas usage,2015-04-20,1.03,therms,$1.35,
Natural gas usage,2015-04-21,3.09,therms,$4.04,
Natural gas usage,2015-04-22,1.03,therms,$1.71,
Natural gas usage,2015-04-23,2.06,therms,$3.70,
Natural gas usage,2015-04-24,1.03,therms,$1.85,
Natural gas usage,2015-04-25,1.03,therms,$1.85,
Natural gas usage,2015-04-26,1.03,therms,$1.85,
Natural gas usage,2015-04-27,0.00,therms,$0.00,
Natural gas usage,2015-04-28,0.00,therms,$0.00,
Natural gas usage,2015-04-29,1.03,therms,$1.85,
Natural gas usage,2015-04-30,0.00,therms,$0.00,
Natural gas usage,2015-05-01,1.03,therms,$1.85,
Natural gas usage,2015-05-02,1.03,therms,$1.85,
Natural gas usage,2015-05-03,0.00,therms,$0.00,
Natural gas usage,2015-05-04,3.08,therms,$5.54,
Natural gas usage,2015-05-05,0.00,therms,$0.00,
Natural gas usage,2015-05-06,1.03,therms,$1.85,
Natural gas usage,2015-05-07,3.08,therms,$4.03,
Natural gas usage,2015-05-08,1.03,therms,$1.34,
Natural gas usage,2015-05-09,1.03,therms,$1.34,
Natural gas usage,2015-05-10,2.06,therms,$2.69,
Natural gas usage,2015-05-11,2.05,therms,$2.69,
Natural gas usage,2015-05-12,1.03,therms,$1.34,
Natural gas usage,2015-05-13,2.05,therms,$2.69,
Natural gas usage,2015-05-14,1.03,therms,$1.34,
Natural gas usage,2015-05-15,1.03,therms,$1.34,
Natural gas usage,2015-05-16,3.08,therms,$4.03,
Natural gas usage,2015-05-17,2.05,therms,$3.58,
Natural gas usage,2015-05-18,2.06,therms,$3.70,
Natural gas usage,2015-05-19,1.03,therms,$1.85,
Natural gas usage,2015-05-20,2.06,therms,$3.70,
Natural gas usage,2015-05-21,2.06,therms,$3.70,
Natural gas usage,2015-05-22,1.03,therms,$1.85,
Natural gas usage,2015-05-23,1.03,therms,$1.85,
Natural gas usage,2015-05-24,3.08,therms,$5.54,
Natural gas usage,2015-05-25,1.03,therms,$1.85,
Natural gas usage,2015-05-26,1.03,therms,$1.85,
Natural gas usage,2015-05-27,1.03,therms,$1.85,
Natural gas usage,2015-05-28,1.03,therms,$1.85,
Natural gas usage,2015-05-29,1.03,therms,$1.85,
Natural gas usage,2015-05-30,1.03,therms,$1.85,
Natural gas usage,2015-05-31,0.00,therms,$0.00,
Natural gas usage,2015-06-01,1.03,therms,$1.85,
Natural gas usage,2015-06-02,1.03,therms,$1.85,
Natural gas usage,2015-06-03,0.00,therms,$0.00,
Natural gas usage,2015-06-04,1.03,therms,$1.85,
Natural gas usage,2015-06-05,0.00,therms,$0.00,
Natural gas usage,2015-06-06,1.03,therms,$1.35,
Natural gas usage,2015-06-07,0.00,therms,$0.00,
Natural gas usage,2015-06-08,1.03,therms,$1.35,
Natural gas usage,2015-06-09,0.00,therms,$0.00,
Natural gas usage,2015-06-10,1.03,therms,$1.35,
Natural gas usage,2015-06-11,0.00,therms,$0.00,
Natural gas usage,2015-06-12,1.03,therms,$1.35,
Natural gas usage,2015-06-13,0.00,therms,$0.00,
Natural gas usage,2015-06-14,1.03,therms,$1.35,
Natural gas usage,2015-06-15,0.00,therms,$0.00,
Natural gas usage,2015-06-16,1.04,therms,$1.36,
Natural gas usage,2015-06-17,0.00,therms,$0.00,
Natural gas usage,2015-06-18,1.04,therms,$1.36,
Natural gas usage,2015-06-19,0.00,therms,$0.00,
Natural gas usage,2015-06-20,1.04,therms,$1.36,
Natural gas usage,2015-06-21,0.00,therms,$0.00,
Natural gas usage,2015-06-22,1.04,therms,$1.36,
Natural gas usage,2015-06-23,0.00,therms,$0.00,
Natural gas usage,2015-06-24,1.04,therms,$1.36,
Natural gas usage,2015-06-25,0.00,therms,$0.00,
Natural gas usage,2015-06-26,0.00,therms,$0.00,
Natural gas usage,2015-06-27,1.04,therms,$1.36,
Natural gas usage,2015-06-28,0.00,therms,$0.00,
Natural gas usage,2015-06-29,1.03,therms,$1.35,
Natural gas usage,2015-06-30,0.00,therms,$0.00,
Natural gas usage,2015-07-01,0.00,therms,$0.00,
Natural gas usage,2015-07-02,1.03,therms,$1.35,
Natural gas usage,2015-07-03,0.00,therms,$0.00,
Natural gas usage,2015-07-04,1.03,therms,$1.35,
Natural gas usage,2015-07-05,0.00,therms,$0.00,
Natural gas usage,2015-07-06,0.00,therms,$0.00,
Natural gas usage,2015-07-07,1.03,therms,$1.35,
Natural gas usage,2015-07-08,0.00,therms,$0.00,
Natural gas usage,2015-07-09,1.03,therms,$1.35,
Natural gas usage,2015-07-10,0.00,therms,$0.00,
Natural gas usage,2015-07-11,1.03,therms,$1.35,
Natural gas usage,2015-07-12,0.00,therms,$0.00,
Natural gas usage,2015-07-13,1.03,therms,$1.35,
Natural gas usage,2015-07-14,0.00,therms,$0.00,
Natural gas usage,2015-07-15,0.00,therms,$0.00,
Natural gas usage,2015-07-16,1.03,therms,$1.35,
Natural gas usage,2015-07-17,0.00,therms,$0.00,
Natural gas usage,2015-07-18,1.03,therms,$1.35,
Natural gas usage,2015-07-19,0.00,therms,$0.00,
Natural gas usage,2015-07-20,1.03,therms,$1.35,
Natural gas usage,2015-07-21,0.00,therms,$0.00,
Natural gas usage,2015-07-22,0.00,therms,$0.00,
Natural gas usage,2015-07-23,1.03,therms,$1.35,
Natural gas usage,2015-07-24,0.00,therms,$0.00,
Natural gas usage,2015-07-25,1.03,therms,$1.35,
Natural gas usage,2015-07-26,0.00,therms,$0.00,
Natural gas usage,2015-07-27,1.03,therms,$1.35,
Natural gas usage,2015-07-28,0.00,therms,$0.00,
Natural gas usage,2015-07-29,1.03,therms,$1.35,
Natural gas usage,2015-07-30,0.00,therms,$0.00,
Natural gas usage,2015-07-31,0.00,therms,$0.00,
Natural gas usage,2015-08-01,1.03,therms,$1.35,
Natural gas usage,2015-08-02,0.00,therms,$0.00,
Natural gas usage,2015-08-03,1.03,therms,$1.35,
Natural gas usage,2015-08-04,0.00,therms,$0.00,
Natural gas usage,2015-08-05,0.00,therms,$0.00,
Natural gas usage,2015-08-06,1.03,therms,$1.35,
Natural gas usage,2015-08-07,0.00,therms,$0.00,
Natural gas usage,2015-08-08,0.00,therms,$0.00,
Natural gas usage,2015-08-09,1.03,therms,$1.35,
Natural gas usage,2015-08-10,0.00,therms,$0.00,
Natural gas usage,2015-08-11,1.03,therms,$1.34,
Natural gas usage,2015-08-12,0.00,therms,$0.00,
Natural gas usage,2015-08-13,1.03,therms,$1.34,
Natural gas usage,2015-08-14,0.00,therms,$0.00,
Natural gas usage,2015-08-15,0.00,therms,$0.00,
Natural gas usage,2015-08-16,1.03,therms,$1.34,
Natural gas usage,2015-08-17,0.00,therms,$0.00,
Natural gas usage,2015-08-18,0.00,therms,$0.00,
Natural gas usage,2015-08-19,1.03,therms,$1.35,
Natural gas usage,2015-08-20,0.00,therms,$0.00,
Natural gas usage,2015-08-21,0.00,therms,$0.00,
Natural gas usage,2015-08-22,1.03,therms,$1.35,
Natural gas usage,2015-08-23,1.03,therms,$1.35,
Natural gas usage,2015-08-24,0.00,therms,$0.00,
Natural gas usage,2015-08-25,0.00,therms,$0.00,
Natural gas usage,2015-08-26,1.03,therms,$1.35,
Natural gas usage,2015-08-27,0.00,therms,$0.00,
Natural gas usage,2015-08-28,1.03,therms,$1.35,
Natural gas usage,2015-08-29,0.00,therms,$0.00,
Natural gas usage,2015-08-30,0.00,therms,$0.00,
Natural gas usage,2015-08-31,0.00,therms,$0.00,
Natural gas usage,2015-09-01,0.00,therms,$0.00,
Natural gas usage,2015-09-02,1.03,therms,$1.35,
Natural gas usage,2015-09-03,0.00,therms,$0.00,
Natural gas usage,2015-09-04,1.03,therms,$1.35,
Natural gas usage,2015-09-05,0.00,therms,$0.00,
Natural gas usage,2015-09-06,1.03,therms,$1.35,
Natural gas usage,2015-09-07,0.00,therms,$0.00,
Natural gas usage,2015-09-08,0.00,therms,$0.00,
Natural gas usage,2015-09-09,1.03,therms,$1.35,
Natural gas usage,2015-09-10,0.00,therms,$0.00,
Natural gas usage,2015-09-11,1.03,therms,$1.35,
Natural gas usage,2015-09-12,0.00,therms,$0.00,
Natural gas usage,2015-09-13,1.03,therms,$1.35,
Natural gas usage,2015-09-14,0.00,therms,$0.00,
Natural gas usage,2015-09-15,1.03,therms,$1.35,
Natural gas usage,2015-09-16,0.00,therms,$0.00,
Natural gas usage,2015-09-17,1.03,therms,$1.35,
Natural gas usage,2015-09-18,0.00,therms,$0.00,
Natural gas usage,2015-09-19,0.00,therms,$0.00,
Natural gas usage,2015-09-20,1.03,therms,$1.35,
Natural gas usage,2015-09-21,0.00,therms,$0.00,
Natural gas usage,2015-09-22,0.00,therms,$0.00,
Natural gas usage,2015-09-23,1.03,therms,$1.35,
Natural gas usage,2015-09-24,0.00,therms,$0.00,
Natural gas usage,2015-09-25,1.03,therms,$1.35,
Natural gas usage,2015-09-26,0.00,therms,$0.00,
Natural gas usage,2015-09-27,0.00,therms,$0.00,
Natural gas usage,2015-09-28,1.03,therms,$1.35,
Natural gas usage,2015-09-29,0.00,therms,$0.00,
Natural gas usage,2015-09-30,1.03,therms,$1.35,
Natural gas usage,2015-10-01,0.00,therms,$0.00,
Natural gas usage,2015-10-02,0.00,therms,$0.00,
Natural gas usage,2015-10-03,1.03,therms,$1.35,
Natural gas usage,2015-10-04,0.00,therms,$0.00,
Natural gas usage,2015-10-05,1.03,therms,$1.35,
Natural gas usage,2015-10-06,0.00,therms,$0.00,
Natural gas usage,2015-10-07,1.03,therms,$1.35,
Natural gas usage,2015-10-08,0.00,therms,$0.00,
Natural gas usage,2015-10-09,1.03,therms,$1.35,
Natural gas usage,2015-10-10,0.00,therms,$0.00,
Natural gas usage,2015-10-11,1.03,therms,$1.35,
Natural gas usage,2015-10-12,0.00,therms,$0.00,
Natural gas usage,2015-10-13,0.00,therms,$0.00,
Natural gas usage,2015-10-14,1.03,therms,$1.35,
Natural gas usage,2015-10-15,0.00,therms,$0.00,
Natural gas usage,2015-10-16,0.00,therms,$0.00,
Natural gas usage,2015-10-17,1.03,therms,$1.35,
Natural gas usage,2015-10-18,0.00,therms,$0.00,
Natural gas usage,2015-10-19,1.03,therms,$1.35,
Natural gas usage,2015-10-20,0.00,therms,$0.00,
Natural gas usage,2015-10-21,1.03,therms,$1.35,
Natural gas usage,2015-10-22,0.00,therms,$0.00,
Natural gas usage,2015-10-23,0.00,therms,$0.00,
Natural gas usage,2015-10-24,1.03,therms,$1.35,
Natural gas usage,2015-10-25,0.00,therms,$0.00,
Natural gas usage,2015-10-26,1.03,therms,$1.34,
Natural gas usage,2015-10-27,0.00,therms,$0.00,
Natural gas usage,2015-10-28,1.03,therms,$1.34,
Natural gas usage,2015-10-29,0.00,therms,$0.00,
Natural gas usage,2015-10-30,1.03,therms,$1.34,
Natural gas usage,2015-10-31,0.00,therms,$0.00,
Natural gas usage,2015-11-01,1.03,therms,$1.34,
Natural gas usage,2015-11-02,0.00,therms,$0.00,
Natural gas usage,2015-11-03,2.05,therms,$2.69,
Natural gas usage,2015-11-04,2.05,therms,$2.69,
Natural gas usage,2015-11-05,2.05,therms,$2.69,
Natural gas usage,2015-11-06,2.05,therms,$2.69,
Natural gas usage,2015-11-07,1.03,therms,$1.34,
Natural gas usage,2015-11-08,3.08,therms,$4.03,
Natural gas usage,2015-11-09,4.12,therms,$5.39,
Natural gas usage,2015-11-10,3.09,therms,$4.04,
Natural gas usage,2015-11-11,3.09,therms,$4.04,
Natural gas usage,2015-11-12,2.06,therms,$2.69,
Natural gas usage,2015-11-13,2.06,therms,$2.69,
Natural gas usage,2015-11-14,3.09,therms,$4.04,
Natural gas usage,2015-11-15,3.09,therms,$4.04,
Natural gas usage,2015-11-16,3.09,therms,$4.04,
Natural gas usage,2015-11-17,2.06,therms,$2.69,
Natural gas usage,2015-11-18,2.06,therms,$2.69,
Natural gas usage,2015-11-19,1.03,therms,$1.35,
Natural gas usage,2015-11-20,1.03,therms,$1.35,
Natural gas usage,2015-11-21,2.06,therms,$2.69,
Natural gas usage,2015-11-22,0.00,therms,$0.00,
Natural gas usage,2015-11-23,4.12,therms,$5.39,
Natural gas usage,2015-11-24,3.09,therms,$4.05,
Natural gas usage,2015-11-25,4.12,therms,$5.39,
Natural gas usage,2015-11-26,4.12,therms,$5.39,
Natural gas usage,2015-11-27,5.15,therms,$7.44,
Natural gas usage,2015-11-28,4.12,therms,$7.41,
Natural gas usage,2015-11-29,4.12,therms,$7.41,
Natural gas usage,2015-11-30,5.15,therms,$9.26,
Natural gas usage,2015-12-01,4.12,therms,$7.41,
Natural gas usage,2015-12-02,3.09,therms,$5.55,
Natural gas usage,2015-12-03,3.09,therms,$5.55,
Natural gas usage,2015-12-04,3.09,therms,$5.55,
Natural gas usage,2015-12-05,3.09,therms,$4.04,
Natural gas usage,2015-12-06,3.09,therms,$4.04,
Natural gas usage,2015-12-07,2.06,therms,$2.69,
Natural gas usage,2015-12-08,2.06,therms,$2.69,
Natural gas usage,2015-12-09,2.06,therms,$2.69,
Natural gas usage,2015-12-10,2.06,therms,$2.69,
Natural gas usage,2015-12-11,3.09,therms,$4.04,
Natural gas usage,2015-12-12,3.09,therms,$4.04,
Natural gas usage,2015-12-13,4.12,therms,$5.38,
Natural gas usage,2015-12-14,5.14,therms,$6.73,
Natural gas usage,2015-12-15,4.12,therms,$5.38,
Natural gas usage,2015-12-16,4.12,therms,$5.38,
Natural gas usage,2015-12-17,4.12,therms,$5.38,
Natural gas usage,2015-12-18,3.09,therms,$4.04,
Natural gas usage,2015-12-19,2.06,therms,$2.69,
Natural gas usage,2015-12-20,5.14,therms,$6.73,
Natural gas usage,2015-12-21,2.06,therms,$2.69,
Natural gas usage,2015-12-22,2.06,therms,$2.69,
Natural gas usage,2015-12-23,4.11,therms,$5.38,
Natural gas usage,2015-12-24,5.14,therms,$7.94,
Natural gas usage,2015-12-25,4.11,therms,$7.39,
Natural gas usage,2015-12-26,5.14,therms,$9.24,
Natural gas usage,2015-12-27,6.17,therms,$11.09,
Natural gas usage,2015-12-28,5.13,therms,$9.23,
Natural gas usage,2015-12-29,4.11,therms,$7.38,
Natural gas usage,2015-12-30,5.13,therms,$9.23,
Natural gas usage,2015-12-31,5.13,therms,$9.23,
Natural gas usage,2016-01-01,6.16,therms,$11.08,
Natural gas usage,2016-01-02,4.11,therms,$7.38,
Natural gas usage,2016-01-03,4.11,therms,$7.38,
Natural gas usage,2016-01-04,3.08,therms,$5.54,
Natural gas usage,2016-01-05,4.11,therms,$7.38,
Natural gas usage,2016-01-06,2.05,therms,$2.69,
Natural gas usage,2016-01-07,4.11,therms,$5.37,
Natural gas usage,2016-01-08,3.08,therms,$4.03,
Natural gas usage,2016-01-09,3.08,therms,$4.03,
Natural gas usage,2016-01-10,3.08,therms,$4.03,
Natural gas usage,2016-01-11,4.11,therms,$5.38,
Natural gas usage,2016-01-12,2.06,therms,$2.69,
Natural gas usage,2016-01-13,2.06,therms,$2.69,
Natural gas usage,2016-01-14,4.11,therms,$5.38,
Natural gas usage,2016-01-15,2.06,therms,$2.69,
Natural gas usage,2016-01-16,3.08,therms,$4.03,
Natural gas usage,2016-01-17,2.06,therms,$2.69,
Natural gas usage,2016-01-18,2.06,therms,$2.69,
Natural gas usage,2016-01-19,2.05,therms,$2.68,
Natural gas usage,2016-01-20,2.05,therms,$2.68,
Natural gas usage,2016-01-21,3.07,therms,$4.02,
Natural gas usage,2016-01-22,2.05,therms,$2.68,
Natural gas usage,2016-01-23,2.05,therms,$2.68,
Natural gas usage,2016-01-24,2.05,therms,$2.68,
Natural gas usage,2016-01-25,2.05,therms,$3.12,
Natural gas usage,2016-01-26,3.08,therms,$5.53,
Natural gas usage,2016-01-27,2.05,therms,$3.69,
Natural gas usage,2016-01-28,3.08,therms,$5.53,
Natural gas usage,2016-01-29,2.05,therms,$3.69,
Natural gas usage,2016-01-30,1.03,therms,$1.84,
Natural gas usage,2016-01-31,0.00,therms,$0.00,
Natural gas usage,2016-02-01,5.14,therms,$6.90,
Natural gas usage,2016-02-02,4.12,therms,$7.14,
Natural gas usage,2016-02-03,4.12,therms,$7.53,
Natural gas usage,2016-02-04,3.09,therms,$4.14,
Natural gas usage,2016-02-05,2.06,therms,$2.76,
Natural gas usage,2016-02-06,3.09,therms,$4.14,
Natural gas usage,2016-02-07,1.03,therms,$1.38,
Natural gas usage,2016-02-08,2.06,therms,$2.76,
Natural gas usage,2016-02-09,0.00,therms,$0.00,
Natural gas usage,2016-02-10,1.03,therms,$1.38,
Natural gas usage,2016-02-11,2.06,therms,$2.76,
Natural gas usage,2016-02-12,1.03,therms,$1.38,
Natural gas usage,2016-02-13,1.03,therms,$1.38,
Natural gas usage,2016-02-14,1.03,therms,$1.38,
Natural gas usage,2016-02-15,1.03,therms,$1.38,
Natural gas usage,2016-02-16,0.00,therms,$0.00,
Natural gas usage,2016-02-17,1.02,therms,$1.37,
Natural gas usage,2016-02-18,2.05,therms,$2.75,
Natural gas usage,2016-02-19,3.07,therms,$4.12,
Natural gas usage,2016-02-20,1.02,therms,$1.37,
Natural gas usage,2016-02-21,2.05,therms,$2.75,
Natural gas usage,2016-02-22,2.05,therms,$2.74,
Natural gas usage,2016-02-23,2.05,therms,$2.74,
Natural gas usage,2016-02-24,3.07,therms,$4.12,
Natural gas usage,2016-02-25,0.00,therms,$0.00,
Natural gas usage,2016-02-26,1.02,therms,$1.37,
Natural gas usage,2016-02-27,2.05,therms,$2.74,
Natural gas usage,2016-02-28,1.02,therms,$1.37,
Natural gas usage,2016-02-29,1.02,therms,$1.37,
Natural gas usage,2016-03-01,1.02,therms,$1.09,
Natural gas usage,2016-03-02,2.04,therms,$2.19,
Natural gas usage,2016-03-03,0.00,therms,$0.00,
Natural gas usage,2016-03-04,1.02,therms,$1.09,
Natural gas usage,2016-03-05,2.04,therms,$2.19,
Natural gas usage,2016-03-06,3.07,therms,$3.28,
Natural gas usage,2016-03-07,2.04,therms,$2.19,
Natural gas usage,2016-03-08,3.07,therms,$3.28,
Natural gas usage,2016-03-09,2.04,therms,$2.19,
Natural gas usage,2016-03-10,1.02,therms,$1.09,
Natural gas usage,2016-03-11,2.04,therms,$2.19,
Natural gas usage,2016-03-12,3.07,therms,$3.28,
Natural gas usage,2016-03-13,2.04,therms,$2.19,
Natural gas usage,2016-03-14,1.02,therms,$1.10,
Natural gas usage,2016-03-15,1.02,therms,$1.10,
Natural gas usage,2016-03-16,2.05,therms,$2.20,
Natural gas usage,2016-03-17,0.00,therms,$0.00,
Natural gas usage,2016-03-18,2.05,therms,$2.20,
Natural gas usage,2016-03-19,1.02,therms,$1.10,
Natural gas usage,2016-03-20,2.05,therms,$2.20,
Natural gas usage,2016-03-21,2.05,therms,$2.19,
Natural gas usage,2016-03-22,2.05,therms,$2.19,
Natural gas usage,2016-03-23,1.02,therms,$1.10,
Natural gas usage,2016-03-24,1.02,therms,$1.10,
Natural gas usage,2016-03-25,1.02,therms,$1.10,
Natural gas usage,2016-03-26,1.02,therms,$1.10,
Natural gas usage,2016-03-27,1.02,therms,$1.10,
Natural gas usage,2016-03-28,0.00,therms,$0.00,
Natural gas usage,2016-03-29,1.03,therms,$1.10,
Natural gas usage,2016-03-30,1.03,therms,$1.10,
Natural gas usage,2016-03-31,0.00,therms,$0.00,
Natural gas usage,2016-04-01,1.03,therms,$1.18,
Natural gas usage,2016-04-02,1.03,therms,$1.18,
Natural gas usage,2016-04-03,1.03,therms,$1.54,
Natural gas usage,2016-04-04,1.03,therms,$1.69,
Natural gas usage,2016-04-05,1.03,therms,$1.19,
Natural gas usage,2016-04-06,1.03,therms,$1.19,
Natural gas usage,2016-04-07,0.00,therms,$0.00,
Natural gas usage,2016-04-08,2.06,therms,$2.37,
Natural gas usage,2016-04-09,1.03,therms,$1.19,
Natural gas usage,2016-04-10,2.06,therms,$2.37,
Natural gas usage,2016-04-11,1.03,therms,$1.19,
Natural gas usage,2016-04-12,1.03,therms,$1.19,
Natural gas usage,2016-04-13,2.06,therms,$2.37,
Natural gas usage,2016-04-14,2.06,therms,$2.37,
Natural gas usage,2016-04-15,1.03,therms,$1.19,
Natural gas usage,2016-04-16,0.00,therms,$0.00,
Natural gas usage,2016-04-17,1.03,therms,$1.23,
Natural gas usage,2016-04-18,0.00,therms,$0.00,
Natural gas usage,2016-04-19,1.03,therms,$1.69,
Natural gas usage,2016-04-20,0.00,therms,$0.00,
Natural gas usage,2016-04-21,1.03,therms,$1.69,
Natural gas usage,2016-04-22,0.00,therms,$0.00,
Natural gas usage,2016-04-23,2.05,therms,$3.37,
Natural gas usage,2016-04-24,0.00,therms,$0.00,
Natural gas usage,2016-04-25,1.03,therms,$1.69,
Natural gas usage,2016-04-26,1.03,therms,$1.69,
Natural gas usage,2016-04-27,2.06,therms,$3.39,
Natural gas usage,2016-04-28,1.03,therms,$1.69,
Natural gas usage,2016-04-29,0.00,therms,$0.00,
Natural gas usage,2016-04-30,1.03,therms,$1.69,
Natural gas usage,2016-05-01,0.00,therms,$0.00,
Natural gas usage,2016-05-02,1.03,therms,$1.22,
Natural gas usage,2016-05-03,0.00,therms,$0.00,
Natural gas usage,2016-05-04,1.03,therms,$1.22,
Natural gas usage,2016-05-05,1.03,therms,$1.22,
Natural gas usage,2016-05-06,2.06,therms,$2.44,
Natural gas usage,2016-05-07,1.03,therms,$1.22,
Natural gas usage,2016-05-08,2.06,therms,$2.44,
Natural gas usage,2016-05-09,1.03,therms,$1.22,
Natural gas usage,2016-05-10,0.00,therms,$0.00,
Natural gas usage,2016-05-11,1.03,therms,$1.22,
Natural gas usage,2016-05-12,0.00,therms,$0.00,
Natural gas usage,2016-05-13,1.03,therms,$1.22,
Natural gas usage,2016-05-14,1.03,therms,$1.22,
Natural gas usage,2016-05-15,0.00,therms,$0.00,
Natural gas usage,2016-05-16,1.04,therms,$1.23,
Natural gas usage,2016-05-17,0.00,therms,$0.00,
Natural gas usage,2016-05-18,0.00,therms,$0.00,
Natural gas usage,2016-05-19,1.04,therms,$1.23,
Natural gas usage,2016-05-20,0.00,therms,$0.00,
Natural gas usage,2016-05-21,2.07,therms,$2.45,
Natural gas usage,2016-05-22,1.04,therms,$1.23,
Natural gas usage,2016-05-23,0.00,therms,$0.00,
Natural gas usage,2016-05-24,1.03,therms,$1.50,
Natural gas usage,2016-05-25,1.03,therms,$1.73,
Natural gas usage,2016-05-26,1.03,therms,$1.73,
Natural gas usage,2016-05-27,0.00,therms,$0.00,
Natural gas usage,2016-05-28,1.03,therms,$1.73,
Natural gas usage,2016-05-29,0.00,therms,$0.00,
Natural gas usage,2016-05-30,1.03,therms,$1.73,
Natural gas usage,2016-05-31,0.00,therms,$0.00,
Natural gas usage,2016-06-01,0.00,therms,$0.00,
Natural gas usage,2016-06-02,1.03,therms,$1.16,
Natural gas usage,2016-06-03,0.00,therms,$0.00,
Natural gas usage,2016-06-04,1.03,therms,$1.16,
Natural gas usage,2016-06-05,0.00,therms,$0.00,
Natural gas usage,2016-06-06,0.00,therms,$0.00,
Natural gas usage,2016-06-07,1.03,therms,$1.16,
Natural gas usage,2016-06-08,0.00,therms,$0.00,
Natural gas usage,2016-06-09,1.03,therms,$1.16,
Natural gas usage,2016-06-10,0.00,therms,$0.00,
Natural gas usage,2016-06-11,1.03,therms,$1.16,
Natural gas usage,2016-06-12,0.00,therms,$0.00,
Natural gas usage,2016-06-13,1.03,therms,$1.16,
Natural gas usage,2016-06-14,0.00,therms,$0.00,
Natural gas usage,2016-06-15,1.03,therms,$1.16,
Natural gas usage,2016-06-16,0.00,therms,$0.00,
Natural gas usage,2016-06-17,0.00,therms,$0.00,
Natural gas usage,2016-06-18,1.03,therms,$1.16,
Natural gas usage,2016-06-19,0.00,therms,$0.00,
Natural gas usage,2016-06-20,1.03,therms,$1.16,
Natural gas usage,2016-06-21,0.00,therms,$0.00,
Natural gas usage,2016-06-22,1.03,therms,$1.16,
Natural gas usage,2016-06-23,0.00,therms,$0.00,
Natural gas usage,2016-06-24,0.00,therms,$0.00,
Natural gas usage,2016-06-25,1.03,therms,$1.16,
Natural gas usage,2016-06-26,0.00,therms,$0.00,
Natural gas usage,2016-06-27,0.00,therms,$0.00,
Natural gas usage,2016-06-28,1.03,therms,$1.16,
Natural gas usage,2016-06-29,0.00,therms,$0.00,
Natural gas usage,2016-06-30,1.03,therms,$1.16,
Natural gas usage,2016-07-01,0.00,therms,$0.00,
Natural gas usage,2016-07-02,0.00,therms,$0.00,
Natural gas usage,2016-07-03,1.03,therms,$1.23,
Natural gas usage,2016-07-04,0.00,therms,$0.00,
Natural gas usage,2016-07-05,1.03,therms,$1.22,
Natural gas usage,2016-07-06,0.00,therms,$0.00,
Natural gas usage,2016-07-07,0.00,therms,$0.00,
Natural gas usage,2016-07-08,1.03,therms,$1.22,
Natural gas usage,2016-07-09,0.00,therms,$0.00,
Natural gas usage,2016-07-10,1.03,therms,$1.22,
Natural gas usage,2016-07-11,0.00,therms,$0.00,
Natural gas usage,2016-07-12,1.03,therms,$1.22,
Natural gas usage,2016-07-13,0.00,therms,$0.00,
Natural gas usage,2016-07-14,1.03,therms,$1.22,
Natural gas usage,2016-07-15,0.00,therms,$0.00,
Natural gas usage,2016-07-16,0.00,therms,$0.00,
Natural gas usage,2016-07-17,1.03,therms,$1.22,
Natural gas usage,2016-07-18,0.00,therms,$0.00,
Natural gas usage,2016-07-19,0.00,therms,$0.00,
Natural gas usage,2016-07-20,1.03,therms,$1.22,
Natural gas usage,2016-07-21,0.00,therms,$0.00,
Natural gas usage,2016-07-22,0.00,therms,$0.00,
Natural gas usage,2016-07-23,0.00,therms,$0.00,
Natural gas usage,2016-07-24,1.03,therms,$1.22,
Natural gas usage,2016-07-25,0.00,therms,$0.00,
Natural gas usage,2016-07-26,0.00,therms,$0.00,
Natural gas usage,2016-07-27,0.00,therms,$0.00,
Natural gas usage,2016-07-28,0.00,therms,$0.00,
Natural gas usage,2016-07-29,0.00,therms,$0.00,
Natural gas usage,2016-07-30,0.00,therms,$0.00,
Natural gas usage,2016-07-31,0.00,therms,$0.00,
Natural gas usage,2016-08-01,1.03,therms,$1.43,
Natural gas usage,2016-08-02,0.00,therms,$0.00,
Natural gas usage,2016-08-03,0.00,therms,$0.00,
Natural gas usage,2016-08-04,0.00,therms,$0.00,
Natural gas usage,2016-08-05,0.00,therms,$0.00,
Natural gas usage,2016-08-06,0.00,therms,$0.00,
Natural gas usage,2016-08-07,1.03,therms,$1.43,
Natural gas usage,2016-08-08,0.00,therms,$0.00,
Natural gas usage,2016-08-09,0.00,therms,$0.00,
Natural gas usage,2016-08-10,1.03,therms,$1.42,
Natural gas usage,2016-08-11,0.00,therms,$0.00,
Natural gas usage,2016-08-12,0.00,therms,$0.00,
Natural gas usage,2016-08-13,1.03,therms,$1.42,
Natural gas usage,2016-08-14,0.00,therms,$0.00,
Natural gas usage,2016-08-15,0.00,therms,$0.00,
Natural gas usage,2016-08-16,1.03,therms,$1.42,
Natural gas usage,2016-08-17,0.00,therms,$0.00,
Natural gas usage,2016-08-18,1.03,therms,$1.42,
Natural gas usage,2016-08-19,0.00,therms,$0.00,
Natural gas usage,2016-08-20,0.00,therms,$0.00,
Natural gas usage,2016-08-21,0.00,therms,$0.00,
Natural gas usage,2016-08-22,1.03,therms,$1.42,
Natural gas usage,2016-08-23,0.00,therms,$0.00,
Natural gas usage,2016-08-24,1.03,therms,$1.42,
Natural gas usage,2016-08-25,0.00,therms,$0.00,
Natural gas usage,2016-08-26,0.00,therms,$0.00,
Natural gas usage,2016-08-27,1.03,therms,$1.42,
Natural gas usage,2016-08-28,0.00,therms,$0.00,
Natural gas usage,2016-08-29,1.03,therms,$1.43,
Natural gas usage,2016-08-30,0.00,therms,$0.00,
Natural gas usage,2016-08-31,0.00,therms,$0.00,
Natural gas usage,2016-09-01,1.03,therms,$1.41,
Natural gas usage,2016-09-02,0.00,therms,$0.00,
Natural gas usage,2016-09-03,1.03,therms,$1.41,
Natural gas usage,2016-09-04,0.00,therms,$0.00,
Natural gas usage,2016-09-05,1.03,therms,$1.41,
Natural gas usage,2016-09-06,0.00,therms,$0.00,
Natural gas usage,2016-09-07,1.03,therms,$1.41,
Natural gas usage,2016-09-08,0.00,therms,$0.00,
Natural gas usage,2016-09-09,1.03,therms,$1.41,
Natural gas usage,2016-09-10,0.00,therms,$0.00,
Natural gas usage,2016-09-11,1.03,therms,$1.41,
Natural gas usage,2016-09-12,1.03,therms,$1.41,
Natural gas usage,2016-09-13,1.03,therms,$1.41,
Natural gas usage,2016-09-14,0.00,therms,$0.00,
Natural gas usage,2016-09-15,1.03,therms,$1.41,
Natural gas usage,2016-09-16,0.00,therms,$0.00,
Natural gas usage,2016-09-17,0.00,therms,$0.00,
Natural gas usage,2016-09-18,1.03,therms,$1.41,
Natural gas usage,2016-09-19,0.00,therms,$0.00,
Natural gas usage,2016-09-20,1.03,therms,$1.40,
Natural gas usage,2016-09-21,0.00,therms,$0.00,
Natural gas usage,2016-09-22,0.00,therms,$0.00,
Natural gas usage,2016-09-23,1.03,therms,$1.40,
Natural gas usage,2016-09-24,0.00,therms,$0.00,
Natural gas usage,2016-09-25,0.00,therms,$0.00,
Natural gas usage,2016-09-26,1.03,therms,$1.41,
Natural gas usage,2016-09-27,0.00,therms,$0.00,
Natural gas usage,2016-09-28,1.03,therms,$1.41,
Natural gas usage,2016-09-29,0.00,therms,$0.00,
Natural gas usage,2016-09-30,0.00,therms,$0.00,
Natural gas usage,2016-10-01,1.03,therms,$1.51,
Natural gas usage,2016-10-02,1.03,therms,$1.51,
Natural gas usage,2016-10-03,2.06,therms,$4.02,
Natural gas usage,2016-10-04,1.03,therms,$2.10,
Natural gas usage,2016-10-05,0.00,therms,$0.00,
Natural gas usage,2016-10-06,1.03,therms,$1.50,
Natural gas usage,2016-10-07,0.00,therms,$0.00,
Natural gas usage,2016-10-08,1.03,therms,$1.50,
Natural gas usage,2016-10-09,0.00,therms,$0.00,
Natural gas usage,2016-10-10,1.03,therms,$1.50,
Natural gas usage,2016-10-11,0.00,therms,$0.00,
Natural gas usage,2016-10-12,1.03,therms,$1.50,
Natural gas usage,2016-10-13,0.00,therms,$0.00,
Natural gas usage,2016-10-14,1.03,therms,$1.50,
Natural gas usage,2016-10-15,0.00,therms,$0.00,
Natural gas usage,2016-10-16,1.03,therms,$1.50,
Natural gas usage,2016-10-17,0.00,therms,$0.00,
Natural gas usage,2016-10-18,1.02,therms,$1.49,
Natural gas usage,2016-10-19,1.02,therms,$1.49,
Natural gas usage,2016-10-20,1.02,therms,$1.49,
Natural gas usage,2016-10-21,1.02,therms,$1.49,
Natural gas usage,2016-10-22,0.00,therms,$0.00,
Natural gas usage,2016-10-23,1.02,therms,$1.49,
Natural gas usage,2016-10-24,1.02,therms,$1.49,
Natural gas usage,2016-10-25,0.00,therms,$0.00,
Natural gas usage,2016-10-26,1.02,therms,$1.49,
Natural gas usage,2016-10-27,1.02,therms,$1.49,
Natural gas usage,2016-10-28,0.00,therms,$0.00,
Natural gas usage,2016-10-29,1.02,therms,$1.49,
Natural gas usage,2016-10-30,1.02,therms,$1.77,
Natural gas usage,2016-10-31,0.00,therms,$0.00,
Natural gas usage,2016-11-01,2.05,therms,$3.13,
Natural gas usage,2016-11-02,2.05,therms,$3.21,
Natural gas usage,2016-11-03,1.02,therms,$1.57,
Natural gas usage,2016-11-04,1.02,therms,$1.57,
Natural gas usage,2016-11-05,3.07,therms,$4.70,
Natural gas usage,2016-11-06,1.02,therms,$1.57,
Natural gas usage,2016-11-07,0.00,therms,$0.00,
Natural gas usage,2016-11-08,1.02,therms,$1.56,
Natural gas usage,2016-11-09,1.02,therms,$1.56,
Natural gas usage,2016-11-10,0.00,therms,$0.00,
Natural gas usage,2016-11-11,1.02,therms,$1.56,
Natural gas usage,2016-11-12,0.00,therms,$0.00,
Natural gas usage,2016-11-13,1.02,therms,$1.56,
Natural gas usage,2016-11-14,1.02,therms,$1.56,
Natural gas usage,2016-11-15,2.04,therms,$3.12,
Natural gas usage,2016-11-16,3.06,therms,$4.68,
Natural gas usage,2016-11-17,3.06,therms,$4.68,
Natural gas usage,2016-11-18,3.06,therms,$4.68,
Natural gas usage,2016-11-19,3.06,therms,$4.68,
Natural gas usage,2016-11-20,1.02,therms,$1.56,
Natural gas usage,2016-11-21,4.08,therms,$6.23,
Natural gas usage,2016-11-22,3.06,therms,$4.67,
Natural gas usage,2016-11-23,4.08,therms,$6.23,
Natural gas usage,2016-11-24,3.06,therms,$4.67,
Natural gas usage,2016-11-25,5.09,therms,$7.79,
Natural gas usage,2016-11-26,4.08,therms,$6.23,
Natural gas usage,2016-11-27,3.06,therms,$4.67,
Natural gas usage,2016-11-28,3.05,therms,$5.06,
Natural gas usage,2016-11-29,4.07,therms,$8.59,
Natural gas usage,2016-11-30,4.07,therms,$8.59,
Natural gas usage,2016-12-01,5.09,therms,$7.45,
Natural gas usage,2016-12-02,4.07,therms,$7.83,
Natural gas usage,2016-12-03,4.07,therms,$8.33,
Natural gas usage,2016-12-04,3.05,therms,$4.47,
Natural gas usage,2016-12-05,4.09,therms,$5.99,
Natural gas usage,2016-12-06,4.09,therms,$5.99,
Natural gas usage,2016-12-07,6.14,therms,$8.99,
Natural gas usage,2016-12-08,3.07,therms,$4.49,
Natural gas usage,2016-12-09,3.07,therms,$4.49,
Natural gas usage,2016-12-10,1.02,therms,$1.50,
Natural gas usage,2016-12-11,4.09,therms,$5.99,
Natural gas usage,2016-12-12,4.10,therms,$6.00,
Natural gas usage,2016-12-13,4.10,therms,$6.00,
Natural gas usage,2016-12-14,2.05,therms,$3.00,
Natural gas usage,2016-12-15,2.05,therms,$3.00,
Natural gas usage,2016-12-16,4.10,therms,$6.00,
Natural gas usage,2016-12-17,6.15,therms,$9.00,
Natural gas usage,2016-12-18,5.12,therms,$8.00,
Natural gas usage,2016-12-19,5.13,therms,$10.50,
Natural gas usage,2016-12-20,4.11,therms,$8.40,
Natural gas usage,2016-12-21,3.08,therms,$6.30,
Natural gas usage,2016-12-22,3.08,therms,$6.30,
Natural gas usage,2016-12-23,0.00,therms,$0.00,
Natural gas usage,2016-12-24,3.08,therms,$6.30,
Natural gas usage,2016-12-25,7.19,therms,$14.70,
Natural gas usage,2016-12-26,5.13,therms,$10.50,
Natural gas usage,2016-12-27,4.12,therms,$8.42,
Natural gas usage,2016-12-28,4.12,therms,$8.42,
Natural gas usage,2016-12-29,4.12,therms,$8.42,
Natural gas usage,2016-12-30,3.09,therms,$6.31,
Natural gas usage,2016-12-31,4.12,therms,$8.42,
Natural gas usage,2017-01-01,5.14,therms,$7.39,
Natural gas usage,2017-01-02,5.14,therms,$8.65,
Natural gas usage,2017-01-03,4.11,therms,$8.09,
Natural gas usage,2017-01-04,3.08,therms,$6.07,
Natural gas usage,2017-01-05,6.16,therms,$8.85,
Natural gas usage,2017-01-06,8.21,therms,$11.80,
Natural gas usage,2017-01-07,3.08,therms,$4.43,
Natural gas usage,2017-01-08,2.05,therms,$2.95,
Natural gas usage,2017-01-09,2.05,therms,$2.95,
Natural gas usage,2017-01-10,3.08,therms,$4.42,
Natural gas usage,2017-01-11,3.08,therms,$4.42,
Natural gas usage,2017-01-12,4.10,therms,$5.90,
Natural gas usage,2017-01-13,4.10,therms,$5.90,
Natural gas usage,2017-01-14,5.13,therms,$7.37,
Natural gas usage,2017-01-15,4.10,therms,$5.90,
Natural gas usage,2017-01-16,5.13,therms,$7.37,
Natural gas usage,2017-01-17,5.13,therms,$8.41,
Natural gas usage,2017-01-18,5.13,therms,$10.10,
Natural gas usage,2017-01-19,3.08,therms,$6.06,
Natural gas usage,2017-01-20,3.08,therms,$6.06,
Natural gas usage,2017-01-21,3.08,therms,$6.06,
Natural gas usage,2017-01-22,4.10,therms,$8.08,
Natural gas usage,2017-01-23,4.10,therms,$8.07,
Natural gas usage,2017-01-24,4.10,therms,$8.07,
Natural gas usage,2017-01-25,6.14,therms,$12.10,
Natural gas usage,2017-01-26,3.07,therms,$6.05,
Natural gas usage,2017-01-27,3.07,therms,$6.05,
Natural gas usage,2017-01-28,4.10,therms,$8.07,
Natural gas usage,2017-01-29,3.07,therms,$6.05,
Natural gas usage,2017-01-30,4.09,therms,$8.06,
Natural gas usage,2017-01-31,3.07,therms,$6.04,
Natural gas usage,2017-02-01,4.09,therms,$5.91,
Natural gas usage,2017-02-02,4.09,therms,$8.02,
Natural gas usage,2017-02-03,1.02,therms,$1.46,
Natural gas usage,2017-02-04,2.05,therms,$2.92,
Natural gas usage,2017-02-05,3.07,therms,$4.38,
Natural gas usage,2017-02-06,3.07,therms,$4.38,
Natural gas usage,2017-02-07,1.02,therms,$1.46,
Natural gas usage,2017-02-08,3.07,therms,$4.38,
Natural gas usage,2017-02-09,2.05,therms,$2.92,
Natural gas usage,2017-02-10,2.05,therms,$2.92,
Natural gas usage,2017-02-11,2.05,therms,$2.92,
Natural gas usage,2017-02-12,4.10,therms,$5.84,
Natural gas usage,2017-02-13,3.07,therms,$4.38,
Natural gas usage,2017-02-14,2.05,therms,$2.92,
Natural gas usage,2017-02-15,1.02,therms,$1.46,
Natural gas usage,2017-02-16,3.07,therms,$4.38,
Natural gas usage,2017-02-17,2.05,therms,$2.92,
Natural gas usage,2017-02-18,3.07,therms,$4.38,
Natural gas usage,2017-02-19,2.05,therms,$2.92,
Natural gas usage,2017-02-20,3.07,therms,$4.38,
Natural gas usage,2017-02-21,2.05,therms,$2.92,
Natural gas usage,2017-02-22,4.09,therms,$5.84,
Natural gas usage,2017-02-23,4.09,therms,$6.77,
Natural gas usage,2017-02-24,4.09,therms,$8.02,
Natural gas usage,2017-02-25,6.14,therms,$12.02,
Natural gas usage,2017-02-26,3.07,therms,$6.01,
Natural gas usage,2017-02-27,2.04,therms,$4.00,
Natural gas usage,2017-02-28,3.07,therms,$6.01,
Natural gas usage,2017-03-01,4.09,therms,$5.66,
Natural gas usage,2017-03-02,1.02,therms,$1.42,
Natural gas usage,2017-03-03,3.07,therms,$4.25,
Natural gas usage,2017-03-04,3.07,therms,$4.25,
Natural gas usage,2017-03-05,4.09,therms,$7.50,
Natural gas usage,2017-03-06,4.10,therms,$7.87,
Natural gas usage,2017-04-05,1.03,therms,$1.44,
Natural gas usage,2017-04-06,2.05,therms,$2.88,
Natural gas usage,2017-04-07,3.08,therms,$4.33,
Natural gas usage,2017-04-08,1.03,therms,$1.44,
Natural gas usage,2017-04-09,4.10,therms,$5.77,
Natural gas usage,2017-04-10,2.05,therms,$2.88,
Natural gas usage,2017-04-11,2.05,therms,$2.91,
Natural gas usage,2017-04-12,1.03,therms,$1.99,
Natural gas usage,2017-04-13,2.05,therms,$3.98,
Natural gas usage,2017-04-14,2.05,therms,$3.98,
Natural gas usage,2017-04-15,2.05,therms,$3.98,
Natural gas usage,2017-04-16,3.08,therms,$5.97,
Natural gas usage,2017-04-17,2.06,therms,$3.99,
Natural gas usage,2017-04-18,1.03,therms,$1.99,
Natural gas usage,2017-04-19,2.06,therms,$3.99,
Natural gas usage,2017-04-20,0.00,therms,$0.00,
Natural gas usage,2017-04-21,1.03,therms,$1.99,
Natural gas usage,2017-04-22,1.03,therms,$1.99,
Natural gas usage,2017-04-23,1.03,therms,$1.99,
Natural gas usage,2017-04-24,2.06,therms,$3.99,
Natural gas usage,2017-04-25,2.06,therms,$3.99,
Natural gas usage,2017-04-26,2.06,therms,$3.99,
Natural gas usage,2017-04-27,0.00,therms,$0.00,
Natural gas usage,2017-04-28,1.03,therms,$1.99,
Natural gas usage,2017-04-29,0.00,therms,$0.00,
Natural gas usage,2017-04-30,1.03,therms,$1.99,
Natural gas usage,2017-05-01,1.03,therms,$1.42,
Natural gas usage,2017-05-02,0.00,therms,$0.00,
Natural gas usage,2017-05-03,1.03,therms,$1.42,
Natural gas usage,2017-05-04,0.00,therms,$0.00,
Natural gas usage,2017-05-05,1.03,therms,$1.42,
Natural gas usage,2017-05-06,0.00,therms,$0.00,
Natural gas usage,2017-05-07,1.03,therms,$1.42,
Natural gas usage,2017-05-08,0.00,therms,$0.00,
Natural gas usage,2017-05-09,1.03,therms,$1.43,
Natural gas usage,2017-05-10,0.00,therms,$0.00,
Natural gas usage,2017-05-11,1.03,therms,$1.43,
Natural gas usage,2017-05-12,1.03,therms,$1.43,
Natural gas usage,2017-05-13,1.03,therms,$1.43,
Natural gas usage,2017-05-14,2.07,therms,$2.86,
Natural gas usage,2017-05-15,0.00,therms,$0.00,
Natural gas usage,2017-05-16,1.03,therms,$1.42,
Natural gas usage,2017-05-17,2.06,therms,$2.85,
Natural gas usage,2017-05-18,0.00,therms,$0.00,
Natural gas usage,2017-05-19,1.03,therms,$1.42,
Natural gas usage,2017-05-20,0.00,therms,$0.00,
Natural gas usage,2017-05-21,1.03,therms,$1.42,
Natural gas usage,2017-05-22,1.02,therms,$1.42,
Natural gas usage,2017-05-23,0.00,therms,$0.00,
Natural gas usage,2017-05-24,1.02,therms,$1.42,
Natural gas usage,2017-05-25,0.00,therms,$0.00,
Natural gas usage,2017-05-26,1.02,therms,$1.71,
Natural gas usage,2017-05-27,1.02,therms,$1.96,
Natural gas usage,2017-05-28,1.02,therms,$1.96,
Natural gas usage,2017-05-29,0.00,therms,$0.00,
Natural gas usage,2017-05-30,1.02,therms,$1.96,
Natural gas usage,2017-05-31,0.00,therms,$0.00,
Natural gas usage,2017-06-01,1.02,therms,$1.41,
Natural gas usage,2017-06-02,0.00,therms,$0.00,
Natural gas usage,2017-06-03,1.02,therms,$1.41,
Natural gas usage,2017-06-04,1.02,therms,$1.47,
Natural gas usage,2017-06-05,0.00,therms,$0.00,
Natural gas usage,2017-06-06,0.00,therms,$0.00,
Natural gas usage,2017-06-07,1.03,therms,$1.42,
Natural gas usage,2017-06-08,0.00,therms,$0.00,
Natural gas usage,2017-06-09,1.03,therms,$1.42,
Natural gas usage,2017-06-10,0.00,therms,$0.00,
Natural gas usage,2017-06-11,1.03,therms,$1.42,
Natural gas usage,2017-06-12,1.04,therms,$1.43,
Natural gas usage,2017-06-13,0.00,therms,$0.00,
Natural gas usage,2017-06-14,1.04,therms,$1.43,
Natural gas usage,2017-06-15,0.00,therms,$0.00,
Natural gas usage,2017-06-16,1.04,therms,$1.43,
Natural gas usage,2017-06-17,0.00,therms,$0.00,
Natural gas usage,2017-06-18,1.04,therms,$1.43,
Natural gas usage,2017-06-19,0.00,therms,$0.00,
Natural gas usage,2017-06-20,0.00,therms,$0.00,
Natural gas usage,2017-06-21,1.05,therms,$1.45,
Natural gas usage,2017-06-22,0.00,therms,$0.00,
Natural gas usage,2017-06-23,1.05,therms,$1.45,
Natural gas usage,2017-06-24,0.00,therms,$0.00,
Natural gas usage,2017-06-25,1.05,therms,$1.45,
Natural gas usage,2017-06-26,0.00,therms,$0.00,
Natural gas usage,2017-06-27,1.06,therms,$1.45,
Natural gas usage,2017-06-28,0.00,therms,$0.00,
Natural gas usage,2017-06-29,1.06,therms,$1.45,
Natural gas usage,2017-06-30,0.00,therms,$0.00,
Natural gas usage,2017-07-01,1.06,therms,$1.37,
Natural gas usage,2017-07-02,0.00,therms,$0.00,
Natural gas usage,2017-07-03,1.06,therms,$1.38,
Natural gas usage,2017-07-04,0.00,therms,$0.00,
Natural gas usage,2017-07-05,1.06,therms,$1.50,
Natural gas usage,2017-07-06,0.00,therms,$0.00,
Natural gas usage,2017-07-07,1.06,therms,$1.38,
Natural gas usage,2017-07-08,0.00,therms,$0.00,
Natural gas usage,2017-07-09,0.00,therms,$0.00,
Natural gas usage,2017-07-10,1.06,therms,$1.38,
Natural gas usage,2017-07-11,1.06,therms,$1.38,
Natural gas usage,2017-07-12,0.00,therms,$0.00,
Natural gas usage,2017-07-13,0.00,therms,$0.00,
Natural gas usage,2017-07-14,1.06,therms,$1.38,
Natural gas usage,2017-07-15,0.00,therms,$0.00,
Natural gas usage,2017-07-16,1.06,therms,$1.38,
Natural gas usage,2017-07-17,0.00,therms,$0.00,
Natural gas usage,2017-07-18,1.05,therms,$1.37,
Natural gas usage,2017-07-19,0.00,therms,$0.00,
Natural gas usage,2017-07-20,0.00,therms,$0.00,
Natural gas usage,2017-07-21,1.05,therms,$1.37,
Natural gas usage,2017-07-22,0.00,therms,$0.00,
Natural gas usage,2017-07-23,1.05,therms,$1.37,
Natural gas usage,2017-07-24,0.00,therms,$0.00,
Natural gas usage,2017-07-25,1.03,therms,$1.34,
Natural gas usage,2017-07-26,0.00,therms,$0.00,
Natural gas usage,2017-07-27,1.03,therms,$1.34,
Natural gas usage,2017-07-28,0.00,therms,$0.00,
Natural gas usage,2017-07-29,0.00,therms,$0.00,
Natural gas usage,2017-07-30,0.00,therms,$0.00,
Natural gas usage,2017-07-31,1.03,therms,$1.34,
Natural gas usage,2017-08-01,0.00,therms,$0.00,
Natural gas usage,2017-08-02,0.00,therms,$0.00,
Natural gas usage,2017-08-03,0.00,therms,$0.00,
Natural gas usage,2017-08-04,0.00,therms,$0.00,
Natural gas usage,2017-08-05,0.00,therms,$0.00,
Natural gas usage,2017-08-06,0.00,therms,$0.00,
Natural gas usage,2017-08-07,1.03,therms,$1.35,
Natural gas usage,2017-08-08,0.00,therms,$0.00,
Natural gas usage,2017-08-09,1.03,therms,$1.35,
Natural gas usage,2017-08-10,0.00,therms,$0.00,
Natural gas usage,2017-08-11,1.03,therms,$1.35,
Natural gas usage,2017-08-12,0.00,therms,$0.00,
Natural gas usage,2017-08-13,1.03,therms,$1.35,
Natural gas usage,2017-08-14,0.00,therms,$0.00,
Natural gas usage,2017-08-15,1.03,therms,$1.35,
Natural gas usage,2017-08-16,0.00,therms,$0.00,
Natural gas usage,2017-08-17,1.03,therms,$1.35,
Natural gas usage,2017-08-18,0.00,therms,$0.00,
Natural gas usage,2017-08-19,1.03,therms,$1.35,
Natural gas usage,2017-08-20,0.00,therms,$0.00,
Natural gas usage,2017-08-21,1.03,therms,$1.35,
Natural gas usage,2017-08-22,0.00,therms,$0.00,
Natural gas usage,2017-08-23,1.03,therms,$1.35,
Natural gas usage,2017-08-24,0.00,therms,$0.00,
Natural gas usage,2017-08-25,1.03,therms,$1.35,
Natural gas usage,2017-08-26,0.00,therms,$0.00,
Natural gas usage,2017-08-27,0.00,therms,$0.00,
Natural gas usage,2017-08-28,1.04,therms,$1.36,
Natural gas usage,2017-08-29,0.00,therms,$0.00,
Natural gas usage,2017-08-30,1.04,therms,$1.36,
Natural gas usage,2017-08-31,0.00,therms,$0.00,
Natural gas usage,2017-09-01,0.00,therms,$0.00,
Natural gas usage,2017-09-02,1.04,therms,$1.31,
Natural gas usage,2017-09-03,0.00,therms,$0.00,
Natural gas usage,2017-09-04,1.04,therms,$1.31,
Natural gas usage,2017-09-05,0.00,therms,$0.00,
Natural gas usage,2017-09-06,0.00,therms,$0.00,
Natural gas usage,2017-09-07,1.03,therms,$1.30,
Natural gas usage,2017-09-08,0.00,therms,$0.00,
Natural gas usage,2017-09-09,1.03,therms,$1.30,
Natural gas usage,2017-09-10,0.00,therms,$0.00,
Natural gas usage,2017-09-11,0.00,therms,$0.00,
Natural gas usage,2017-09-12,1.03,therms,$1.29,
Natural gas usage,2017-09-13,0.00,therms,$0.00,
Natural gas usage,2017-09-14,1.03,therms,$1.29,
Natural gas usage,2017-09-15,0.00,therms,$0.00,
Natural gas usage,2017-09-16,1.03,therms,$1.29,
Natural gas usage,2017-09-17,0.00,therms,$0.00,
Natural gas usage,2017-09-18,1.03,therms,$1.29,
Natural gas usage,2017-09-19,0.00,therms,$0.00,
Natural gas usage,2017-09-20,1.03,therms,$1.29,
Natural gas usage,2017-09-21,0.00,therms,$0.00,
Natural gas usage,2017-09-22,1.03,therms,$1.29,
Natural gas usage,2017-09-23,0.00,therms,$0.00,
Natural gas usage,2017-09-24,1.03,therms,$1.29,
Natural gas usage,2017-09-25,0.00,therms,$0.00,
Natural gas usage,2017-09-26,1.02,therms,$1.29,
Natural gas usage,2017-09-27,0.00,therms,$0.00,
Natural gas usage,2017-09-28,1.02,therms,$1.29,
Natural gas usage,2017-09-29,0.00,therms,$0.00,
Natural gas usage,2017-09-30,0.00,therms,$0.00,
Natural gas usage,2017-10-01,1.02,therms,$1.33,
Natural gas usage,2017-10-02,0.00,therms,$0.00,
Natural gas usage,2017-10-03,1.03,therms,$1.33,
Natural gas usage,2017-10-04,1.03,therms,$1.72,
Natural gas usage,2017-10-05,1.03,therms,$1.33,
Natural gas usage,2017-10-06,0.00,therms,$0.00,
Natural gas usage,2017-10-07,0.00,therms,$0.00,
Natural gas usage,2017-10-08,1.03,therms,$1.33,
Natural gas usage,2017-10-09,0.00,therms,$0.00,
Natural gas usage,2017-10-10,1.03,therms,$1.34,
Natural gas usage,2017-10-11,0.00,therms,$0.00,
Natural gas usage,2017-10-12,2.06,therms,$2.67,
Natural gas usage,2017-10-13,0.00,therms,$0.00,
Natural gas usage,2017-10-14,2.06,therms,$2.67,
Natural gas usage,2017-10-15,0.00,therms,$0.00,
Natural gas usage,2017-10-16,1.03,therms,$1.33,
Natural gas usage,2017-10-17,0.00,therms,$0.00,
Natural gas usage,2017-10-18,1.03,therms,$1.33,
Natural gas usage,2017-10-19,2.06,therms,$2.67,
Natural gas usage,2017-10-20,1.03,therms,$1.33,
Natural gas usage,2017-10-21,1.03,therms,$1.33,
Natural gas usage,2017-10-22,1.03,therms,$1.33,
Natural gas usage,2017-10-23,1.03,therms,$1.33,
Natural gas usage,2017-10-24,0.00,therms,$0.00,
Natural gas usage,2017-10-25,1.03,therms,$1.61,
Natural gas usage,2017-10-26,0.00,therms,$0.00,
Natural gas usage,2017-10-27,1.03,therms,$1.88,
Natural gas usage,2017-10-28,0.00,therms,$0.00,
Natural gas usage,2017-10-29,1.03,therms,$1.88,
Natural gas usage,2017-10-30,4.11,therms,$7.51,
Natural gas usage,2017-10-31,1.03,therms,$1.88,
Natural gas usage,2017-11-01,1.03,therms,$1.36,
Natural gas usage,2017-11-02,2.05,therms,$2.72,
Natural gas usage,2017-11-03,2.05,therms,$2.72,
Natural gas usage,2017-11-04,2.05,therms,$2.72,
Natural gas usage,2017-11-05,2.05,therms,$2.72,
Natural gas usage,2017-11-06,3.07,therms,$4.07,
Natural gas usage,2017-11-07,3.07,therms,$4.07,
Natural gas usage,2017-11-08,3.07,therms,$4.07,
Natural gas usage,2017-11-09,1.02,therms,$1.36,
Natural gas usage,2017-11-10,1.02,therms,$1.36,
Natural gas usage,2017-11-11,1.02,therms,$1.36,
Natural gas usage,2017-11-12,2.05,therms,$2.71,
Natural gas usage,2017-11-13,2.06,therms,$2.73,
Natural gas usage,2017-11-14,2.06,therms,$2.73,
Natural gas usage,2017-11-15,2.06,therms,$2.73,
Natural gas usage,2017-11-16,3.09,therms,$4.09,
Natural gas usage,2017-11-17,2.06,therms,$2.73,
Natural gas usage,2017-11-18,4.12,therms,$5.45,
Natural gas usage,2017-11-19,3.09,therms,$4.09,
Natural gas usage,2017-11-20,2.06,therms,$2.73,
Natural gas usage,2017-11-21,2.06,therms,$2.73,
Natural gas usage,2017-11-22,1.03,therms,$1.37,
Natural gas usage,2017-11-23,1.03,therms,$1.37,
Natural gas usage,2017-11-24,2.06,therms,$2.73,
Natural gas usage,2017-11-25,1.03,therms,$1.37,
Natural gas usage,2017-11-26,2.06,therms,$2.73,
Natural gas usage,2017-11-27,3.10,therms,$4.10,
Natural gas usage,2017-11-28,3.10,therms,$4.71,
Natural gas usage,2017-11-29,4.13,therms,$7.65,
Natural gas usage,2017-11-30,3.10,therms,$5.74,
Natural gas usage,2017-12-01,3.10,therms,$4.20,
Natural gas usage,2017-12-02,4.13,therms,$5.60,
Natural gas usage,2017-12-03,2.06,therms,$3.53,
Natural gas usage,2017-12-04,6.17,therms,$11.66,
Natural gas usage,2017-12-05,3.09,therms,$4.19,
Natural gas usage,2017-12-06,5.14,therms,$6.98,
Natural gas usage,2017-12-07,3.09,therms,$4.19,
Natural gas usage,2017-12-08,4.12,therms,$5.59,
Natural gas usage,2017-12-09,3.09,therms,$4.19,
Natural gas usage,2017-12-10,3.09,therms,$4.19,
Natural gas usage,2017-12-11,3.09,therms,$4.19,
Natural gas usage,2017-12-12,3.09,therms,$4.19,
Natural gas usage,2017-12-13,5.14,therms,$6.98,
Natural gas usage,2017-12-14,3.09,therms,$4.19,
Natural gas usage,2017-12-15,3.09,therms,$4.19,
Natural gas usage,2017-12-16,3.09,therms,$4.19,
Natural gas usage,2017-12-17,4.12,therms,$5.59,
Natural gas usage,2017-12-18,4.12,therms,$5.59,
Natural gas usage,2017-12-19,4.12,therms,$6.16,
Natural gas usage,2017-12-20,4.12,therms,$7.78,
Natural gas usage,2017-12-21,6.18,therms,$11.67,
Natural gas usage,2017-12-22,7.21,therms,$13.62,
Natural gas usage,2017-12-23,4.12,therms,$7.78,
Natural gas usage,2017-12-24,4.12,therms,$7.78,
Natural gas usage,2017-12-25,3.09,therms,$5.84,
Natural gas usage,2017-12-26,4.12,therms,$7.78,
Natural gas usage,2017-12-27,4.12,therms,$7.78,
Natural gas usage,2017-12-28,3.09,therms,$5.84,
Natural gas usage,2017-12-29,4.12,therms,$7.78,
Natural gas usage,2017-12-30,3.09,therms,$5.84,
Natural gas usage,2017-12-31,4.12,therms,$7.78,
Natural gas usage,2018-01-01,3.09,therms,$4.26,
Natural gas usage,2018-01-02,3.09,therms,$4.39,
Natural gas usage,2018-01-03,2.06,therms,$3.98,
Natural gas usage,2018-01-04,2.06,therms,$2.84,
Natural gas usage,2018-01-05,2.06,therms,$2.84,
Natural gas usage,2018-01-06,2.06,therms,$2.84,
Natural gas usage,2018-01-07,4.12,therms,$5.68,
Natural gas usage,2018-01-08,3.09,therms,$4.26,
Natural gas usage,2018-01-09,3.09,therms,$4.26,
Natural gas usage,2018-01-10,4.12,therms,$5.68,
Natural gas usage,2018-01-11,3.09,therms,$4.26,
Natural gas usage,2018-01-12,2.06,therms,$2.84,
Natural gas usage,2018-01-13,3.09,therms,$4.26,
Natural gas usage,2018-01-14,3.09,therms,$4.26,
Natural gas usage,2018-01-15,4.12,therms,$5.68,
Natural gas usage,2018-01-16,2.06,therms,$2.84,
Natural gas usage,2018-01-17,3.09,therms,$4.26,
Natural gas usage,2018-01-18,4.12,therms,$5.68,
Natural gas usage,2018-01-19,5.15,therms,$7.11,
Natural gas usage,2018-01-20,5.15,therms,$7.18,
Natural gas usage,2018-01-21,4.12,therms,$7.95,
Natural gas usage,2018-01-22,3.09,therms,$5.96,
Natural gas usage,2018-01-23,3.09,therms,$5.96,
Natural gas usage,2018-01-24,5.14,therms,$9.93,
Natural gas usage,2018-01-25,4.12,therms,$7.95,
Natural gas usage,2018-01-26,6.17,therms,$11.92,
Natural gas usage,2018-01-27,4.12,therms,$7.95,
Natural gas usage,2018-01-28,3.09,therms,$5.96,
Natural gas usage,2018-01-29,3.09,therms,$5.96,
Natural gas usage,2018-01-30,2.06,therms,$3.97,
Natural gas usage,2018-01-31,3.09,therms,$5.96,
Natural gas usage,2018-02-01,2.06,therms,$2.95,
Natural gas usage,2018-02-02,3.09,therms,$4.36,
Natural gas usage,2018-02-03,0.00,therms,$0.00,
Natural gas usage,2018-02-04,2.06,therms,$2.91,
Natural gas usage,2018-02-05,1.02,therms,$1.45,
Natural gas usage,2018-02-06,1.02,therms,$1.45,
Natural gas usage,2018-02-07,3.07,therms,$4.34,
Natural gas usage,2018-02-08,2.05,therms,$2.89,
Natural gas usage,2018-02-09,1.02,therms,$1.45,
Natural gas usage,2018-02-10,2.05,therms,$2.89,
Natural gas usage,2018-02-11,5.11,therms,$7.23,
Natural gas usage,2018-02-12,4.10,therms,$5.80,
Natural gas usage,2018-02-13,4.10,therms,$5.80,
Natural gas usage,2018-02-14,5.13,therms,$7.25,
Natural gas usage,2018-02-15,3.08,therms,$4.35,
Natural gas usage,2018-02-16,4.10,therms,$5.80,
Natural gas usage,2018-02-17,3.08,therms,$4.35,
Natural gas usage,2018-02-18,3.08,therms,$4.35,
Natural gas usage,2018-02-19,5.13,therms,$7.25,
Natural gas usage,2018-02-20,6.17,therms,$11.47,
Natural gas usage,2018-02-21,3.08,therms,$6.06,
Natural gas usage,2018-02-22,6.17,therms,$12.11,
Natural gas usage,2018-02-23,3.08,therms,$6.06,
Natural gas usage,2018-02-24,6.17,therms,$12.11,
Natural gas usage,2018-02-25,3.08,therms,$6.06,
Natural gas usage,2018-02-26,3.08,therms,$6.04,
Natural gas usage,2018-02-27,3.08,therms,$6.04,
Natural gas usage,2018-02-28,4.10,therms,$8.06,
Natural gas usage,2018-03-01,3.08,therms,$4.09,
Natural gas usage,2018-03-02,5.13,therms,$6.81,
Natural gas usage,2018-03-03,3.08,therms,$4.85,
Natural gas usage,2018-03-04,5.13,therms,$9.64,
Natural gas usage,2018-03-05,5.10,therms,$9.58,
Natural gas usage,2018-03-06,4.08,therms,$5.42,
Natural gas usage,2018-03-07,2.04,therms,$2.71,
Natural gas usage,2018-03-08,1.02,therms,$1.35,
Natural gas usage,2018-03-09,1.02,therms,$1.35,
Natural gas usage,2018-03-10,0.00,therms,$0.00,
Natural gas usage,2018-03-11,2.04,therms,$2.71,
Natural gas usage,2018-03-12,2.04,therms,$2.71,
Natural gas usage,2018-03-13,1.02,therms,$1.36,
Natural gas usage,2018-03-14,3.07,therms,$4.07,
Natural gas usage,2018-03-15,3.07,therms,$4.07,
Natural gas usage,2018-03-16,3.07,therms,$4.07,
Natural gas usage,2018-03-17,3.07,therms,$4.07,
Natural gas usage,2018-03-18,3.07,therms,$4.07,
Natural gas usage,2018-03-19,1.03,therms,$1.37,
Natural gas usage,2018-03-20,2.06,therms,$2.74,
Natural gas usage,2018-03-21,2.06,therms,$2.74,
Natural gas usage,2018-03-22,1.03,therms,$1.37,
Natural gas usage,2018-03-23,3.10,therms,$4.11,
Natural gas usage,2018-03-24,2.06,therms,$2.74,
Natural gas usage,2018-03-25,3.10,therms,$4.11,
Natural gas usage,2018-03-26,2.08,therms,$2.76,
Natural gas usage,2018-03-27,2.08,therms,$2.76,
Natural gas usage,2018-03-28,0.00,therms,$0.00,
Natural gas usage,2018-03-29,1.04,therms,$1.38,
Natural gas usage,2018-03-30,1.04,therms,$1.38,
Natural gas usage,2018-03-31,0.00,therms,$0.00,
Natural gas usage,2018-04-01,1.04,therms,$1.41,
Natural gas usage,2018-04-02,1.03,therms,$1.57,
Natural gas usage,2018-04-03,0.00,therms,$0.00,
Natural gas usage,2018-04-04,1.03,therms,$1.40,
Natural gas usage,2018-04-05,1.03,therms,$1.40,
Natural gas usage,2018-04-06,0.00,therms,$0.00,
Natural gas usage,2018-04-07,1.03,therms,$1.40,
Natural gas usage,2018-04-08,1.03,therms,$1.40,
Natural gas usage,2018-04-09,0.00,therms,$0.00,
Natural gas usage,2018-04-10,1.03,therms,$1.40,
Natural gas usage,2018-04-11,1.03,therms,$1.40,
Natural gas usage,2018-04-12,1.03,therms,$1.40,
Natural gas usage,2018-04-13,1.03,therms,$1.40,
Natural gas usage,2018-04-14,1.03,therms,$1.40,
Natural gas usage,2018-04-15,2.06,therms,$2.80,
Natural gas usage,2018-04-16,2.07,therms,$2.80,
Natural gas usage,2018-04-17,2.07,therms,$2.80,
Natural gas usage,2018-04-18,2.07,therms,$3.70,
Natural gas usage,2018-04-19,2.07,therms,$3.94,
Natural gas usage,2018-04-20,1.03,therms,$1.97,
Natural gas usage,2018-04-21,0.00,therms,$0.00,
Natural gas usage,2018-04-22,1.03,therms,$1.97,
Natural gas usage,2018-04-23,1.03,therms,$1.97,
Natural gas usage,2018-04-24,0.00,therms,$0.00,
Natural gas usage,2018-04-25,2.07,therms,$3.94,
Natural gas usage,2018-04-26,1.03,therms,$1.97,
Natural gas usage,2018-04-27,1.03,therms,$1.97,
Natural gas usage,2018-04-28,1.03,therms,$1.97,
Natural gas usage,2018-04-29,1.03,therms,$1.97,
Natural gas usage,2018-04-30,2.07,therms,$3.94,
Natural gas usage,2018-05-01,1.03,therms,$1.32,
Natural gas usage,2018-05-02,0.00,therms,$0.00,
Natural gas usage,2018-05-03,2.07,therms,$3.37,
Natural gas usage,2018-05-04,0.00,therms,$0.00,
Natural gas usage,2018-05-05,1.03,therms,$1.32,
Natural gas usage,2018-05-06,1.03,therms,$1.32,
Natural gas usage,2018-05-07,0.00,therms,$0.00,
Natural gas usage,2018-05-08,1.03,therms,$1.32,
Natural gas usage,2018-05-09,1.03,therms,$1.32,
Natural gas usage,2018-05-10,0.00,therms,$0.00,
Natural gas usage,2018-05-11,1.03,therms,$1.32,
Natural gas usage,2018-05-12,0.00,therms,$0.00,
Natural gas usage,2018-05-13,1.03,therms,$1.32,
Natural gas usage,2018-05-14,1.04,therms,$1.32,
Natural gas usage,2018-05-15,1.04,therms,$1.32,
Natural gas usage,2018-05-16,1.04,therms,$1.32,
Natural gas usage,2018-05-17,1.04,therms,$1.32,
Natural gas usage,2018-05-18,1.04,therms,$1.32,
Natural gas usage,2018-05-19,1.04,therms,$1.32,
Natural gas usage,2018-05-20,1.04,therms,$1.32,
Natural gas usage,2018-05-21,0.00,therms,$0.00,
Natural gas usage,2018-05-22,1.04,therms,$1.32,
Natural gas usage,2018-05-23,1.04,therms,$1.32,
Natural gas usage,2018-05-24,2.08,therms,$3.25,
Natural gas usage,2018-05-25,2.08,therms,$3.79,
Natural gas usage,2018-05-26,1.04,therms,$1.90,
Natural gas usage,2018-05-27,1.04,therms,$1.90,
Natural gas usage,2018-05-28,1.04,therms,$1.90,
Natural gas usage,2018-05-29,1.04,therms,$1.89,
Natural gas usage,2018-05-30,0.00,therms,$0.00,
Natural gas usage,2018-05-31,1.04,therms,$1.89,
Natural gas usage,2018-06-01,0.00,therms,$0.00,
Natural gas usage,2018-06-02,1.04,therms,$1.27,
Natural gas usage,2018-06-03,1.04,therms,$1.27,
Natural gas usage,2018-06-04,1.03,therms,$1.68,
Natural gas usage,2018-06-05,1.03,therms,$1.26,
Natural gas usage,2018-06-06,1.03,therms,$1.26,
Natural gas usage,2018-06-07,1.03,therms,$1.26,
Natural gas usage,2018-06-08,0.00,therms,$0.00,
Natural gas usage,2018-06-09,1.03,therms,$1.26,
Natural gas usage,2018-06-10,1.03,therms,$1.26,
Natural gas usage,2018-06-11,0.00,therms,$0.00,
Natural gas usage,2018-06-12,1.04,therms,$1.27,
Natural gas usage,2018-06-13,1.04,therms,$1.27,
Natural gas usage,2018-06-14,0.00,therms,$0.00,
Natural gas usage,2018-06-15,0.00,therms,$0.00,
Natural gas usage,2018-06-16,1.04,therms,$1.27,
Natural gas usage,2018-06-17,1.04,therms,$1.27,
Natural gas usage,2018-06-18,1.04,therms,$1.27,
Natural gas usage,2018-06-19,0.00,therms,$0.00,
Natural gas usage,2018-06-20,1.04,therms,$1.27,
Natural gas usage,2018-06-21,0.00,therms,$0.00,
Natural gas usage,2018-06-22,1.04,therms,$1.27,
Natural gas usage,2018-06-23,0.00,therms,$0.00,
Natural gas usage,2018-06-24,1.04,therms,$1.27,
Natural gas usage,2018-06-25,1.04,therms,$1.27,
Natural gas usage,2018-06-26,0.00,therms,$0.00,
Natural gas usage,2018-06-27,1.04,therms,$1.39,
Natural gas usage,2018-06-28,0.00,therms,$0.00,
Natural gas usage,2018-06-29,1.04,therms,$1.84,
Natural gas usage,2018-06-30,0.00,therms,$0.00,
Natural gas usage,2018-07-01,1.04,therms,$1.30,
Natural gas usage,2018-07-02,1.04,therms,$1.47,
Natural gas usage,2018-07-03,0.00,therms,$0.00,
Natural gas usage,2018-07-04,1.04,therms,$1.29,
Natural gas usage,2018-07-05,0.00,therms,$0.00,
Natural gas usage,2018-07-06,1.04,therms,$1.29,
Natural gas usage,2018-07-07,0.00,therms,$0.00,
Natural gas usage,2018-07-08,1.04,therms,$1.29,
Natural gas usage,2018-07-09,0.00,therms,$0.00,
Natural gas usage,2018-07-10,1.03,therms,$1.29,
Natural gas usage,2018-07-11,0.00,therms,$0.00,
Natural gas usage,2018-07-12,1.03,therms,$1.29,
Natural gas usage,2018-07-13,0.00,therms,$0.00,
Natural gas usage,2018-07-14,1.03,therms,$1.29,
Natural gas usage,2018-07-15,0.00,therms,$0.00,
Natural gas usage,2018-07-16,1.04,therms,$1.29,
Natural gas usage,2018-07-17,0.00,therms,$0.00,
Natural gas usage,2018-07-18,1.04,therms,$1.29,
Natural gas usage,2018-07-19,1.04,therms,$1.29,
Natural gas usage,2018-07-20,0.00,therms,$0.00,
Natural gas usage,2018-07-21,0.00,therms,$0.00,
Natural gas usage,2018-07-22,0.00,therms,$0.00,
Natural gas usage,2018-07-23,0.00,therms,$0.00,
Natural gas usage,2018-07-24,1.04,therms,$1.29,
Natural gas usage,2018-07-25,0.00,therms,$0.00,
Natural gas usage,2018-07-26,0.00,therms,$0.00,
Natural gas usage,2018-07-27,0.00,therms,$0.00,
Natural gas usage,2018-07-28,0.00,therms,$0.00,
Natural gas usage,2018-07-29,0.00,therms,$0.00,
Natural gas usage,2018-07-30,0.00,therms,$0.00,
Natural gas usage,2018-07-31,1.03,therms,$1.29,
Natural gas usage,2018-08-01,0.00,therms,$0.00,
Natural gas usage,2018-08-02,0.00,therms,$0.00,
Natural gas usage,2018-08-03,0.00,therms,$0.00,
Natural gas usage,2018-08-04,1.03,therms,$1.35,
Natural gas usage,2018-08-05,1.03,therms,$1.35,
Natural gas usage,2018-08-06,0.00,therms,$0.00,
Natural gas usage,2018-08-07,0.00,therms,$0.00,
Natural gas usage,2018-08-08,1.03,therms,$1.36,
Natural gas usage,2018-08-09,0.00,therms,$0.00,
Natural gas usage,2018-08-10,0.00,therms,$0.00,
Natural gas usage,2018-08-11,1.03,therms,$1.36,
Natural gas usage,2018-08-12,1.03,therms,$1.36,
Natural gas usage,2018-08-13,0.00,therms,$0.00,
Natural gas usage,2018-08-14,1.03,therms,$1.36,
Natural gas usage,2018-08-15,0.00,therms,$0.00,
Natural gas usage,2018-08-16,1.03,therms,$1.36,
Natural gas usage,2018-08-17,0.00,therms,$0.00,
Natural gas usage,2018-08-18,1.03,therms,$1.36,
Natural gas usage,2018-08-19,0.00,therms,$0.00,
Natural gas usage,2018-08-20,1.03,therms,$1.36,
Natural gas usage,2018-08-21,0.00,therms,$0.00,
Natural gas usage,2018-08-22,0.00,therms,$0.00,
Natural gas usage,2018-08-23,0.00,therms,$0.00,
Natural gas usage,2018-08-24,1.03,therms,$1.36,
Natural gas usage,2018-08-25,0.00,therms,$0.00,
Natural gas usage,2018-08-26,0.00,therms,$0.00,
Natural gas usage,2018-08-27,1.03,therms,$1.35,
Natural gas usage,2018-08-28,0.00,therms,$0.00,
Natural gas usage,2018-08-29,0.00,therms,$0.00,
Natural gas usage,2018-08-30,1.03,therms,$1.35,
Natural gas usage,2018-08-31,0.00,therms,$0.00,
Natural gas usage,2018-09-01,0.00,therms,$0.00,
Natural gas usage,2018-09-02,1.03,therms,$1.32,
Natural gas usage,2018-09-03,0.00,therms,$0.00,
Natural gas usage,2018-09-04,0.00,therms,$0.00,
Natural gas usage,2018-09-05,1.03,therms,$1.31,
Natural gas usage,2018-09-06,0.00,therms,$0.00,
Natural gas usage,2018-09-07,0.00,therms,$0.00,
Natural gas usage,2018-09-08,1.03,therms,$1.31,
Natural gas usage,2018-09-09,0.00,therms,$0.00,
Natural gas usage,2018-09-10,0.00,therms,$0.00,
Natural gas usage,2018-09-11,0.00,therms,$0.00,
Natural gas usage,2018-09-12,1.03,therms,$1.31,
Natural gas usage,2018-09-13,0.00,therms,$0.00,
Natural gas usage,2018-09-14,1.03,therms,$1.31,
Natural gas usage,2018-09-15,0.00,therms,$0.00,
Natural gas usage,2018-09-16,0.00,therms,$0.00,
Natural gas usage,2018-09-17,0.00,therms,$0.00,
Natural gas usage,2018-09-18,1.03,therms,$1.32,
Natural gas usage,2018-09-19,0.00,therms,$0.00,
Natural gas usage,2018-09-20,0.00,therms,$0.00,
Natural gas usage,2018-09-21,1.03,therms,$1.32,
Natural gas usage,2018-09-22,0.00,therms,$0.00,
Natural gas usage,2018-09-23,0.00,therms,$0.00,
Natural gas usage,2018-09-24,1.03,therms,$1.32,
Natural gas usage,2018-09-25,0.00,therms,$0.00,
Natural gas usage,2018-09-26,0.00,therms,$0.00,
Natural gas usage,2018-09-27,1.03,therms,$1.32,
Natural gas usage,2018-09-28,0.00,therms,$0.00,
Natural gas usage,2018-09-29,0.00,therms,$0.00,
Natural gas usage,2018-09-30,1.03,therms,$1.32,
Natural gas usage,2018-10-01,0.00,therms,$0.00,
Natural gas usage,2018-10-02,0.00,therms,$0.00,
Natural gas usage,2018-10-03,0.00,therms,$0.00,
Natural gas usage,2018-10-04,1.03,therms,$1.34,
Natural gas usage,2018-10-05,0.00,therms,$0.00,
Natural gas usage,2018-10-06,1.03,therms,$1.34,
Natural gas usage,2018-10-07,0.00,therms,$0.00,
Natural gas usage,2018-10-08,0.00,therms,$0.00,
Natural gas usage,2018-10-09,1.03,therms,$1.34,
Natural gas usage,2018-10-10,0.00,therms,$0.00,
Natural gas usage,2018-10-11,0.00,therms,$0.00,
Natural gas usage,2018-10-12,1.03,therms,$1.34,
Natural gas usage,2018-10-13,0.00,therms,$0.00,
Natural gas usage,2018-10-14,0.00,therms,$0.00,
Natural gas usage,2018-10-15,1.03,therms,$1.34,
Natural gas usage,2018-10-16,0.00,therms,$0.00,
Natural gas usage,2018-10-17,0.00,therms,$0.00,
Natural gas usage,2018-10-18,1.03,therms,$1.34,
Natural gas usage,2018-10-19,0.00,therms,$0.00,
Natural gas usage,2018-10-20,0.00,therms,$0.00,
Natural gas usage,2018-10-21,1.03,therms,$1.34,
Natural gas usage,2018-10-22,0.00,therms,$0.00,
Natural gas usage,2018-10-23,1.03,therms,$1.34,
Natural gas usage,2018-10-24,1.03,therms,$1.34,
Natural gas usage,2018-10-25,1.03,therms,$1.34,
Natural gas usage,2018-10-26,0.00,therms,$0.00,
Natural gas usage,2018-10-27,0.00,therms,$0.00,
Natural gas usage,2018-10-28,1.03,therms,$1.34,
Natural gas usage,2018-10-29,1.03,therms,$1.34,
Natural gas usage,2018-10-30,1.03,therms,$1.34,
Natural gas usage,2018-10-31,1.03,therms,$1.34,
Natural gas usage,2018-11-01,1.03,therms,$1.42,
Natural gas usage,2018-11-02,0.00,therms,$0.00,
Natural gas usage,2018-11-03,1.03,therms,$1.42,
Natural gas usage,2018-11-04,0.00,therms,$0.00,
Natural gas usage,2018-11-05,1.03,therms,$1.42,
Natural gas usage,2018-11-06,1.03,therms,$1.42,
Natural gas usage,2018-11-07,1.03,therms,$1.42,
Natural gas usage,2018-11-08,2.06,therms,$2.83,
Natural gas usage,2018-11-09,2.06,therms,$2.83,
Natural gas usage,2018-11-10,2.06,therms,$2.83,
Natural gas usage,2018-11-11,2.06,therms,$2.83,
Natural gas usage,2018-11-12,3.09,therms,$4.25,
Natural gas usage,2018-11-13,2.06,therms,$2.83,
Natural gas usage,2018-11-14,2.06,therms,$2.83,
Natural gas usage,2018-11-15,3.09,therms,$4.25,
Natural gas usage,2018-11-16,2.06,therms,$2.83,
Natural gas usage,2018-11-17,3.09,therms,$4.25,
Natural gas usage,2018-11-18,3.09,therms,$4.25,
Natural gas usage,2018-11-19,4.12,therms,$5.66,
Natural gas usage,2018-11-20,2.06,therms,$2.83,
Natural gas usage,2018-11-21,2.06,therms,$2.83,
Natural gas usage,2018-11-22,2.06,therms,$2.83,
Natural gas usage,2018-11-23,3.09,therms,$4.25,
Natural gas usage,2018-11-24,1.03,therms,$1.42,
Natural gas usage,2018-11-25,2.06,therms,$2.83,
Natural gas usage,2018-11-26,3.07,therms,$4.23,
Natural gas usage,2018-11-27,3.07,therms,$4.23,
Natural gas usage,2018-11-28,2.05,therms,$2.87,
Natural gas usage,2018-11-29,3.07,therms,$5.96,
Natural gas usage,2018-11-30,3.07,therms,$5.96,
Natural gas usage,2018-12-01,4.10,therms,$5.95,
Natural gas usage,2018-12-02,4.10,therms,$6.11,
Natural gas usage,2018-12-03,4.10,therms,$8.25,
Natural gas usage,2018-12-04,4.10,therms,$8.25,
Natural gas usage,2018-12-05,3.07,therms,$4.46,
Natural gas usage,2018-12-06,4.10,therms,$5.95,
Natural gas usage,2018-12-07,3.07,therms,$4.46,
Natural gas usage,2018-12-08,3.07,therms,$4.46,
Natural gas usage,2018-12-09,4.10,therms,$5.95,
Natural gas usage,2018-12-10,4.09,therms,$5.94,
Natural gas usage,2018-12-11,4.09,therms,$5.94,
Natural gas usage,2018-12-12,2.05,therms,$2.97,
Natural gas usage,2018-12-13,3.07,therms,$4.46,
Natural gas usage,2018-12-14,3.07,therms,$4.46,
Natural gas usage,2018-12-15,3.07,therms,$4.46,
Natural gas usage,2018-12-16,2.05,therms,$2.97,
Natural gas usage,2018-12-17,3.08,therms,$4.47,
Natural gas usage,2018-12-18,3.08,therms,$4.47,
Natural gas usage,2018-12-19,2.05,therms,$2.98,
Natural gas usage,2018-12-20,3.08,therms,$4.47,
Natural gas usage,2018-12-21,3.08,therms,$4.47,
Natural gas usage,2018-12-22,4.10,therms,$8.15,
Natural gas usage,2018-12-23,3.08,therms,$6.19,
Natural gas usage,2018-12-24,4.11,therms,$8.28,
Natural gas usage,2018-12-25,4.11,therms,$8.28,
Natural gas usage,2018-12-26,3.08,therms,$6.21,
Natural gas usage,2018-12-27,3.08,therms,$6.21,
Natural gas usage,2018-12-28,4.11,therms,$8.28,
Natural gas usage,2018-12-29,3.08,therms,$6.21,
Natural gas usage,2018-12-30,5.14,therms,$10.34,
Natural gas usage,2018-12-31,5.14,therms,$10.34,
Natural gas usage,2019-01-01,4.11,therms,$6.24,
Natural gas usage,2019-01-02,6.17,therms,$10.77,
Natural gas usage,2019-01-03,5.14,therms,$10.87,
Natural gas usage,2019-01-04,5.14,therms,$10.87,
Natural gas usage,2019-01-05,4.11,therms,$6.24,
Natural gas usage,2019-01-06,3.08,therms,$4.68,
Natural gas usage,2019-01-07,2.06,therms,$3.12,
Natural gas usage,2019-01-08,4.12,therms,$6.25,
Natural gas usage,2019-01-09,3.09,therms,$4.69,
Natural gas usage,2019-01-10,4.12,therms,$6.25,
Natural gas usage,2019-01-11,4.12,therms,$6.25,
Natural gas usage,2019-01-12,3.09,therms,$4.69,
Natural gas usage,2019-01-13,3.09,therms,$4.69,
Natural gas usage,2019-01-14,4.11,therms,$6.24,
Natural gas usage,2019-01-15,5.14,therms,$7.80,
Natural gas usage,2019-01-16,4.11,therms,$6.24,
Natural gas usage,2019-01-17,3.08,therms,$4.68,
Natural gas usage,2019-01-18,1.03,therms,$1.56,
Natural gas usage,2019-01-19,2.06,therms,$3.12,
Natural gas usage,2019-01-20,3.08,therms,$4.69,
Natural gas usage,2019-01-21,3.08,therms,$6.52,
Natural gas usage,2019-01-22,6.17,therms,$13.04,
Natural gas usage,2019-01-23,7.19,therms,$15.22,
Natural gas usage,2019-01-24,3.08,therms,$6.52,
Natural gas usage,2019-01-25,3.08,therms,$6.52,
Natural gas usage,2019-01-26,3.08,therms,$6.52,
Natural gas usage,2019-01-27,3.08,therms,$6.52,
Natural gas usage,2019-01-28,2.06,therms,$4.35,
Natural gas usage,2019-01-29,3.09,therms,$6.53,
Natural gas usage,2019-01-30,2.06,therms,$4.35,
Natural gas usage,2019-01-31,2.06,therms,$4.35,
Natural gas usage,2019-02-01,3.09,therms,$4.76,
Natural gas usage,2019-02-02,3.09,therms,$4.76,
Natural gas usage,2019-02-03,4.12,therms,$7.76,
Natural gas usage,2019-02-04,5.14,therms,$11.00,
Natural gas usage,2019-02-05,7.19,therms,$11.11,
Natural gas usage,2019-02-06,5.14,therms,$7.93,
Natural gas usage,2019-02-07,4.11,therms,$6.35,
Natural gas usage,2019-02-08,5.14,therms,$7.93,
Natural gas usage,2019-02-09,5.14,therms,$7.93,
Natural gas usage,2019-02-10,4.11,therms,$6.35,
Natural gas usage,2019-02-11,5.14,therms,$7.93,
Natural gas usage,2019-02-12,7.19,therms,$11.11,
Natural gas usage,2019-02-13,4.11,therms,$6.35,
Natural gas usage,2019-02-14,3.08,therms,$6.46,
Natural gas usage,2019-02-15,6.17,therms,$13.20,
Natural gas usage,2019-02-16,4.11,therms,$8.80,
Natural gas usage,2019-02-17,2.06,therms,$4.40,
Natural gas usage,2019-02-18,5.14,therms,$11.00,
Natural gas usage,2019-02-19,5.11,therms,$10.93,
Natural gas usage,2019-02-20,5.11,therms,$10.93,
Natural gas usage,2019-02-21,3.07,therms,$6.56,
Natural gas usage,2019-02-22,6.13,therms,$13.12,
Natural gas usage,2019-02-23,5.11,therms,$10.93,
Natural gas usage,2019-02-24,4.09,therms,$8.75,
Natural gas usage,2019-02-25,3.06,therms,$6.55,
Natural gas usage,2019-02-26,4.08,therms,$8.74,
Natural gas usage,2019-02-27,2.04,therms,$4.37,
Natural gas usage,2019-02-28,3.06,therms,$6.55,
Natural gas usage,2019-03-01,4.08,therms,$6.01,
Natural gas usage,2019-03-02,3.06,therms,$4.51,
Natural gas usage,2019-03-03,4.08,therms,$6.01,
Natural gas usage,2019-03-04,3.06,therms,$5.95,
Natural gas usage,2019-03-05,2.04,therms,$4.22,
Natural gas usage,2019-03-06,4.08,therms,$8.45,
Natural gas usage,2019-03-07,4.08,therms,$6.01,
Natural gas usage,2019-03-08,5.10,therms,$7.52,
Natural gas usage,2019-03-09,4.08,therms,$6.01,
Natural gas usage,2019-03-10,3.06,therms,$4.51,
Natural gas usage,2019-03-11,4.09,therms,$6.02,
Natural gas usage,2019-03-12,3.07,therms,$4.51,
Natural gas usage,2019-03-13,3.07,therms,$4.51,
Natural gas usage,2019-03-14,3.07,therms,$4.51,
Natural gas usage,2019-03-15,3.07,therms,$4.51,
Natural gas usage,2019-03-16,1.02,therms,$1.50,
Natural gas usage,2019-03-17,2.04,therms,$3.01,
Natural gas usage,2019-03-18,1.02,therms,$1.51,
Natural gas usage,2019-03-19,2.05,therms,$3.02,
Natural gas usage,2019-03-20,2.05,therms,$3.02,
Natural gas usage,2019-03-21,3.07,therms,$4.52,
Natural gas usage,2019-03-22,3.07,therms,$4.52,
Natural gas usage,2019-03-23,2.05,therms,$3.02,
Natural gas usage,2019-03-24,2.05,therms,$3.97,
Natural gas usage,2019-03-25,3.08,therms,$6.37,
Natural gas usage,2019-03-26,2.05,therms,$4.24,
Natural gas usage,2019-03-27,1.03,therms,$2.12,
Natural gas usage,2019-03-28,3.08,therms,$6.37,
Natural gas usage,2019-03-29,2.05,therms,$4.24,
Natural gas usage,2019-03-30,2.05,therms,$4.24,
Natural gas usage,2019-03-31,1.03,therms,$2.12,
Natural gas usage,2019-04-01,3.08,therms,$4.76,
Natural gas usage,2019-04-02,1.03,therms,$2.06,
Natural gas usage,2019-04-03,2.06,therms,$4.11,
Natural gas usage,2019-04-04,2.06,therms,$4.11,
Natural gas usage,2019-04-05,2.06,therms,$2.88,
Natural gas usage,2019-04-06,2.06,therms,$2.88,
Natural gas usage,2019-04-07,0.00,therms,$0.00,
Natural gas usage,2019-04-08,1.03,therms,$1.44,
Natural gas usage,2019-04-09,1.03,therms,$1.44,
Natural gas usage,2019-04-10,0.00,therms,$0.00,
Natural gas usage,2019-04-11,3.09,therms,$4.33,
Natural gas usage,2019-04-12,1.03,therms,$1.44,
Natural gas usage,2019-04-13,0.00,therms,$0.00,
Natural gas usage,2019-04-14,1.03,therms,$1.44,
Natural gas usage,2019-04-15,3.10,therms,$4.34,
Natural gas usage,2019-04-16,1.03,therms,$1.51,
Natural gas usage,2019-04-17,0.00,therms,$0.00,
Natural gas usage,2019-04-18,1.03,therms,$2.07,
Natural gas usage,2019-04-19,0.00,therms,$0.00,
Natural gas usage,2019-04-20,1.03,therms,$2.07,
Natural gas usage,2019-04-21,1.03,therms,$2.07,
Natural gas usage,2019-04-22,1.03,therms,$2.06,
Natural gas usage,2019-04-23,0.00,therms,$0.00,
Natural gas usage,2019-04-24,1.03,therms,$2.06,
Natural gas usage,2019-04-25,0.00,therms,$0.00,
Natural gas usage,2019-04-26,1.03,therms,$2.06,
Natural gas usage,2019-04-27,0.00,therms,$0.00,
Natural gas usage,2019-04-28,0.00,therms,$0.00,
Natural gas usage,2019-04-29,1.03,therms,$2.07,
Natural gas usage,2019-04-30,1.03,therms,$2.07,
Natural gas usage,2019-05-01,0.00,therms,$0.00,
Natural gas usage,2019-05-02,1.03,therms,$1.35,
Natural gas usage,2019-05-03,1.03,therms,$1.35,
Natural gas usage,2019-05-04,0.00,therms,$0.00,
Natural gas usage,2019-05-05,1.03,therms,$1.35,
Natural gas usage,2019-05-06,2.07,therms,$3.68,
Natural gas usage,2019-05-07,0.00,therms,$0.00,
Natural gas usage,2019-05-08,1.03,therms,$1.35,
Natural gas usage,2019-05-09,1.03,therms,$1.35,
Natural gas usage,2019-05-10,1.03,therms,$1.35,
Natural gas usage,2019-05-11,1.03,therms,$1.35,
Natural gas usage,2019-05-12,1.03,therms,$1.35,
Natural gas usage,2019-05-13,0.00,therms,$0.00,
Natural gas usage,2019-05-14,2.07,therms,$2.71,
Natural gas usage,2019-05-15,2.07,therms,$2.71,
Natural gas usage,2019-05-16,3.11,therms,$4.07,
Natural gas usage,2019-05-17,1.04,therms,$1.36,
Natural gas usage,2019-05-18,3.11,therms,$5.16,
Natural gas usage,2019-05-19,2.07,therms,$3.95,
Natural gas usage,2019-05-20,3.11,therms,$5.93,
Natural gas usage,2019-05-21,3.11,therms,$5.93,
Natural gas usage,2019-05-22,0.00,therms,$0.00,
Natural gas usage,2019-05-23,1.04,therms,$1.98,
Natural gas usage,2019-05-24,1.04,therms,$1.98,
Natural gas usage,2019-05-25,1.04,therms,$1.98,
Natural gas usage,2019-05-26,2.07,therms,$3.95,
Natural gas usage,2019-05-27,1.04,therms,$1.98,
Natural gas usage,2019-05-28,1.03,therms,$1.96,
Natural gas usage,2019-05-29,1.03,therms,$1.96,
Natural gas usage,2019-05-30,1.03,therms,$1.96,
Natural gas usage,2019-05-31,1.03,therms,$1.96,
Natural gas usage,2019-06-01,0.00,therms,$0.00,
Natural gas usage,2019-06-02,1.03,therms,$1.33,
Natural gas usage,2019-06-03,1.03,therms,$1.34,
Natural gas usage,2019-06-04,1.03,therms,$1.42,
Natural gas usage,2019-06-05,0.00,therms,$0.00,
Natural gas usage,2019-06-06,1.03,therms,$1.34,
Natural gas usage,2019-06-07,1.03,therms,$1.34,
Natural gas usage,2019-06-08,0.00,therms,$0.00,
Natural gas usage,2019-06-09,1.03,therms,$1.34,
Natural gas usage,2019-06-10,1.03,therms,$1.34,
Natural gas usage,2019-06-11,0.00,therms,$0.00,
Natural gas usage,2019-06-12,1.03,therms,$1.34,
Natural gas usage,2019-06-13,0.00,therms,$0.00,
Natural gas usage,2019-06-14,1.03,therms,$1.34,
Natural gas usage,2019-06-15,1.03,therms,$1.34,
Natural gas usage,2019-06-16,1.03,therms,$1.34,
Natural gas usage,2019-06-17,0.00,therms,$0.00,
Natural gas usage,2019-06-18,1.03,therms,$1.34,
Natural gas usage,2019-06-19,1.03,therms,$1.34,
Natural gas usage,2019-06-20,1.03,therms,$1.34,
Natural gas usage,2019-06-21,0.00,therms,$0.00,
Natural gas usage,2019-06-22,1.03,therms,$1.34,
Natural gas usage,2019-06-23,0.00,therms,$0.00,
Natural gas usage,2019-06-24,1.03,therms,$1.34,
Natural gas usage,2019-06-25,0.00,therms,$0.00,
Natural gas usage,2019-06-26,1.03,therms,$1.34,
Natural gas usage,2019-06-27,1.03,therms,$1.79,
Natural gas usage,2019-06-28,0.00,therms,$0.00,
Natural gas usage,2019-06-29,1.03,therms,$1.96,
Natural gas usage,2019-06-30,1.03,therms,$1.96,
Natural gas usage,2019-07-01,0.00,therms,$0.00,
Natural gas usage,2019-07-02,1.04,therms,$1.42,
Natural gas usage,2019-07-03,1.04,therms,$1.42,
Natural gas usage,2019-07-04,0.00,therms,$0.00,
Natural gas usage,2019-07-05,1.04,therms,$1.52,
Natural gas usage,2019-07-06,0.00,therms,$0.00,
Natural gas usage,2019-07-07,1.04,therms,$1.42,
Natural gas usage,2019-07-08,1.04,therms,$1.42,
Natural gas usage,2019-07-09,0.00,therms,$0.00,
Natural gas usage,2019-07-10,1.04,therms,$1.42,
Natural gas usage,2019-07-11,1.04,therms,$1.42,
Natural gas usage,2019-07-12,0.00,therms,$0.00,
Natural gas usage,2019-07-13,1.04,therms,$1.42,
Natural gas usage,2019-07-14,1.04,therms,$1.42,
Natural gas usage,2019-07-15,0.00,therms,$0.00,
Natural gas usage,2019-07-16,1.04,therms,$1.42,
Natural gas usage,2019-07-17,1.04,therms,$1.42,
Natural gas usage,2019-07-18,0.00,therms,$0.00,
Natural gas usage,2019-07-19,1.04,therms,$1.42,
Natural gas usage,2019-07-20,0.00,therms,$0.00,
Natural gas usage,2019-07-21,1.04,therms,$1.42,
Natural gas usage,2019-07-22,0.00,therms,$0.00,
Natural gas usage,2019-07-23,1.03,therms,$1.42,
Natural gas usage,2019-07-24,0.00,therms,$0.00,
Natural gas usage,2019-07-25,1.03,therms,$1.42,
Natural gas usage,2019-07-26,0.00,therms,$0.00,
Natural gas usage,2019-07-27,1.03,therms,$1.42,
Natural gas usage,2019-07-28,1.03,therms,$1.42,
Natural gas usage,2019-07-29,0.00,therms,$0.00,
Natural gas usage,2019-07-30,1.04,therms,$1.54,
Natural gas usage,2019-07-31,0.00,therms,$0.00,
Natural gas usage,2019-08-01,1.04,therms,$1.41,
Natural gas usage,2019-08-02,1.04,therms,$1.41,
Natural gas usage,2019-08-03,0.00,therms,$0.00,
Natural gas usage,2019-08-04,0.00,therms,$0.00,
